,y1_countyname,y1_state,y2_countyname,y2_state,n2_inflow,agi_perThou_inflow,agi_inflow,yr_range,year1,year2,mig_direction1,unique_tag,secondary_county
16981,Banks County Total Migration-US and Foreign,GA,Banks County,GA,1178,18274,18274000,1516,2015,2016,inflow,Banks County total migration-1516,"Banks County Total Migration-US and Foreign, GA"
16986,Jackson County,GA,Banks County,GA,279,4925,4925000,1516,2015,2016,inflow,Banks County-Jackson County-GA-1516,"Jackson County, GA"
16987,Habersham County,GA,Banks County,GA,208,2719,2719000,1516,2015,2016,inflow,Banks County-Habersham County-GA-1516,"Habersham County, GA"
16988,Hall County,GA,Banks County,GA,190,2849,2849000,1516,2015,2016,inflow,Banks County-Hall County-GA-1516,"Hall County, GA"
16989,Gwinnett County,GA,Banks County,GA,79,1889,1889000,1516,2015,2016,inflow,Banks County-Gwinnett County-GA-1516,"Gwinnett County, GA"
16990,Franklin County,GA,Banks County,GA,45,689,689000,1516,2015,2016,inflow,Banks County-Franklin County-GA-1516,"Franklin County, GA"
18071,Dawson County Total Migration-US and Foreign,GA,Dawson County,GA,1910,66113,66113000,1516,2015,2016,inflow,Dawson County total migration-1516,"Dawson County Total Migration-US and Foreign, GA"
18077,Forsyth County,GA,Dawson County,GA,734,31665,31665000,1516,2015,2016,inflow,Dawson County-Forsyth County-GA-1516,"Forsyth County, GA"
18078,Lumpkin County,GA,Dawson County,GA,164,3169,3169000,1516,2015,2016,inflow,Dawson County-Lumpkin County-GA-1516,"Lumpkin County, GA"
18079,Hall County,GA,Dawson County,GA,148,3332,3332000,1516,2015,2016,inflow,Dawson County-Hall County-GA-1516,"Hall County, GA"
18080,Fulton County,GA,Dawson County,GA,121,8921,8921000,1516,2015,2016,inflow,Dawson County-Fulton County-GA-1516,"Fulton County, GA"
18081,Gwinnett County,GA,Dawson County,GA,118,2963,2963000,1516,2015,2016,inflow,Dawson County-Gwinnett County-GA-1516,"Gwinnett County, GA"
18082,Cherokee County,GA,Dawson County,GA,91,2448,2448000,1516,2015,2016,inflow,Dawson County-Cherokee County-GA-1516,"Cherokee County, GA"
18083,Cobb County,GA,Dawson County,GA,32,1776,1776000,1516,2015,2016,inflow,Dawson County-Cobb County-GA-1516,"Cobb County, GA"
19212,Habersham County Total Migration-US and Foreign,GA,Habersham County,GA,2075,38722,38722000,1516,2015,2016,inflow,Habersham County total migration-1516,"Habersham County Total Migration-US and Foreign, GA"
19218,Banks County,GA,Habersham County,GA,352,3907,3907000,1516,2015,2016,inflow,Habersham County-Banks County-GA-1516,"Banks County, GA"
19219,Hall County,GA,Habersham County,GA,281,4780,4780000,1516,2015,2016,inflow,Habersham County-Hall County-GA-1516,"Hall County, GA"
19220,White County,GA,Habersham County,GA,217,3988,3988000,1516,2015,2016,inflow,Habersham County-White County-GA-1516,"White County, GA"
19221,Stephens County,GA,Habersham County,GA,99,1914,1914000,1516,2015,2016,inflow,Habersham County-Stephens County-GA-1516,"Stephens County, GA"
19222,Gwinnett County,GA,Habersham County,GA,74,1541,1541000,1516,2015,2016,inflow,Habersham County-Gwinnett County-GA-1516,"Gwinnett County, GA"
19223,Jackson County,GA,Habersham County,GA,55,1082,1082000,1516,2015,2016,inflow,Habersham County-Jackson County-GA-1516,"Jackson County, GA"
19224,Forsyth County,GA,Habersham County,GA,42,1584,1584000,1516,2015,2016,inflow,Habersham County-Forsyth County-GA-1516,"Forsyth County, GA"
19225,Lumpkin County,GA,Habersham County,GA,35,536,536000,1516,2015,2016,inflow,Habersham County-Lumpkin County-GA-1516,"Lumpkin County, GA"
19226,Rabun County,GA,Habersham County,GA,39,590,590000,1516,2015,2016,inflow,Habersham County-Rabun County-GA-1516,"Rabun County, GA"
19234,Hall County Total Migration-US and Foreign,GA,Hall County,GA,10883,302594,302594000,1516,2015,2016,inflow,Hall County total migration-1516,"Hall County Total Migration-US and Foreign, GA"
19240,Gwinnett County,GA,Hall County,GA,2847,89947,89947000,1516,2015,2016,inflow,Hall County-Gwinnett County-GA-1516,"Gwinnett County, GA"
19241,Forsyth County,GA,Hall County,GA,661,20377,20377000,1516,2015,2016,inflow,Hall County-Forsyth County-GA-1516,"Forsyth County, GA"
19242,Jackson County,GA,Hall County,GA,545,11539,11539000,1516,2015,2016,inflow,Hall County-Jackson County-GA-1516,"Jackson County, GA"
19243,Fulton County,GA,Hall County,GA,330,15708,15708000,1516,2015,2016,inflow,Hall County-Fulton County-GA-1516,"Fulton County, GA"
19244,Lumpkin County,GA,Hall County,GA,307,6157,6157000,1516,2015,2016,inflow,Hall County-Lumpkin County-GA-1516,"Lumpkin County, GA"
19245,DeKalb County,GA,Hall County,GA,284,7914,7914000,1516,2015,2016,inflow,Hall County-DeKalb County-GA-1516,"DeKalb County, GA"
19246,Barrow County,GA,Hall County,GA,308,7160,7160000,1516,2015,2016,inflow,Hall County-Barrow County-GA-1516,"Barrow County, GA"
19247,White County,GA,Hall County,GA,277,5012,5012000,1516,2015,2016,inflow,Hall County-White County-GA-1516,"White County, GA"
19248,Habersham County,GA,Hall County,GA,273,4934,4934000,1516,2015,2016,inflow,Hall County-Habersham County-GA-1516,"Habersham County, GA"
19249,Cobb County,GA,Hall County,GA,181,7666,7666000,1516,2015,2016,inflow,Hall County-Cobb County-GA-1516,"Cobb County, GA"
19250,Dawson County,GA,Hall County,GA,151,3015,3015000,1516,2015,2016,inflow,Hall County-Dawson County-GA-1516,"Dawson County, GA"
19251,Banks County,GA,Hall County,GA,145,2445,2445000,1516,2015,2016,inflow,Hall County-Banks County-GA-1516,"Banks County, GA"
19252,Cherokee County,GA,Hall County,GA,118,3781,3781000,1516,2015,2016,inflow,Hall County-Cherokee County-GA-1516,"Cherokee County, GA"
19253,Clarke County,GA,Hall County,GA,118,2275,2275000,1516,2015,2016,inflow,Hall County-Clarke County-GA-1516,"Clarke County, GA"
19254,Walton County,GA,Hall County,GA,86,3062,3062000,1516,2015,2016,inflow,Hall County-Walton County-GA-1516,"Walton County, GA"
19255,Travis County,TX,Hall County,GA,79,1700,1700000,1516,2015,2016,inflow,Hall County-Travis County-TX-1516,"Travis County, TX"
19256,Los Angeles County,CA,Hall County,GA,60,1143,1143000,1516,2015,2016,inflow,Hall County-Los Angeles County-CA-1516,"Los Angeles County, CA"
19257,Broward County,FL,Hall County,GA,57,1706,1706000,1516,2015,2016,inflow,Hall County-Broward County-FL-1516,"Broward County, FL"
19258,Stephens County,GA,Hall County,GA,45,1311,1311000,1516,2015,2016,inflow,Hall County-Stephens County-GA-1516,"Stephens County, GA"
19259,Henry County,GA,Hall County,GA,51,1539,1539000,1516,2015,2016,inflow,Hall County-Henry County-GA-1516,"Henry County, GA"
19260,Palm Beach County,FL,Hall County,GA,51,1475,1475000,1516,2015,2016,inflow,Hall County-Palm Beach County-FL-1516,"Palm Beach County, FL"
19261,Rockdale County,GA,Hall County,GA,48,685,685000,1516,2015,2016,inflow,Hall County-Rockdale County-GA-1516,"Rockdale County, GA"
19262,Chatham County,GA,Hall County,GA,38,559,559000,1516,2015,2016,inflow,Hall County-Chatham County-GA-1516,"Chatham County, GA"
19263,Houston County,GA,Hall County,GA,44,1061,1061000,1516,2015,2016,inflow,Hall County-Houston County-GA-1516,"Houston County, GA"
19490,Jackson County Total Migration-US and Foreign,GA,Jackson County,GA,5135,125394,125394000,1516,2015,2016,inflow,Jackson County total migration-1516,"Jackson County Total Migration-US and Foreign, GA"
19496,Gwinnett County,GA,Jackson County,GA,1102,33022,33022000,1516,2015,2016,inflow,Jackson County-Gwinnett County-GA-1516,"Gwinnett County, GA"
19497,Hall County,GA,Jackson County,GA,784,19373,19373000,1516,2015,2016,inflow,Jackson County-Hall County-GA-1516,"Hall County, GA"
19498,Barrow County,GA,Jackson County,GA,502,11003,11003000,1516,2015,2016,inflow,Jackson County-Barrow County-GA-1516,"Barrow County, GA"
19499,Clarke County,GA,Jackson County,GA,351,7742,7742000,1516,2015,2016,inflow,Jackson County-Clarke County-GA-1516,"Clarke County, GA"
19500,Banks County,GA,Jackson County,GA,325,5402,5402000,1516,2015,2016,inflow,Jackson County-Banks County-GA-1516,"Banks County, GA"
19501,Madison County,GA,Jackson County,GA,187,2284,2284000,1516,2015,2016,inflow,Jackson County-Madison County-GA-1516,"Madison County, GA"
19502,Walton County,GA,Jackson County,GA,97,1502,1502000,1516,2015,2016,inflow,Jackson County-Walton County-GA-1516,"Walton County, GA"
19503,Franklin County,GA,Jackson County,GA,94,1131,1131000,1516,2015,2016,inflow,Jackson County-Franklin County-GA-1516,"Franklin County, GA"
19504,DeKalb County,GA,Jackson County,GA,57,1473,1473000,1516,2015,2016,inflow,Jackson County-DeKalb County-GA-1516,"DeKalb County, GA"
19505,Oconee County,GA,Jackson County,GA,66,1526,1526000,1516,2015,2016,inflow,Jackson County-Oconee County-GA-1516,"Oconee County, GA"
19506,Forsyth County,GA,Jackson County,GA,71,2129,2129000,1516,2015,2016,inflow,Jackson County-Forsyth County-GA-1516,"Forsyth County, GA"
19507,Fulton County,GA,Jackson County,GA,49,2015,2015000,1516,2015,2016,inflow,Jackson County-Fulton County-GA-1516,"Fulton County, GA"
19794,Lumpkin County Total Migration-US and Foreign,GA,Lumpkin County,GA,1903,42224,42224000,1516,2015,2016,inflow,Lumpkin County total migration-1516,"Lumpkin County Total Migration-US and Foreign, GA"
19800,Forsyth County,GA,Lumpkin County,GA,284,6613,6613000,1516,2015,2016,inflow,Lumpkin County-Forsyth County-GA-1516,"Forsyth County, GA"
19801,Hall County,GA,Lumpkin County,GA,244,4595,4595000,1516,2015,2016,inflow,Lumpkin County-Hall County-GA-1516,"Hall County, GA"
19802,Dawson County,GA,Lumpkin County,GA,256,4551,4551000,1516,2015,2016,inflow,Lumpkin County-Dawson County-GA-1516,"Dawson County, GA"
19803,Gwinnett County,GA,Lumpkin County,GA,83,2482,2482000,1516,2015,2016,inflow,Lumpkin County-Gwinnett County-GA-1516,"Gwinnett County, GA"
19804,White County,GA,Lumpkin County,GA,111,2184,2184000,1516,2015,2016,inflow,Lumpkin County-White County-GA-1516,"White County, GA"
19805,Fulton County,GA,Lumpkin County,GA,53,1948,1948000,1516,2015,2016,inflow,Lumpkin County-Fulton County-GA-1516,"Fulton County, GA"
19806,Habersham County,GA,Lumpkin County,GA,50,514,514000,1516,2015,2016,inflow,Lumpkin County-Habersham County-GA-1516,"Habersham County, GA"
20916,White County Total Migration-US and Foreign,GA,White County,GA,1682,34825,34825000,1516,2015,2016,inflow,White County total migration-1516,"White County Total Migration-US and Foreign, GA"
20922,Hall County,GA,White County,GA,311,4608,4608000,1516,2015,2016,inflow,White County-Hall County-GA-1516,"Hall County, GA"
20923,Habersham County,GA,White County,GA,173,3420,3420000,1516,2015,2016,inflow,White County-Habersham County-GA-1516,"Habersham County, GA"
20924,Lumpkin County,GA,White County,GA,148,1833,1833000,1516,2015,2016,inflow,White County-Lumpkin County-GA-1516,"Lumpkin County, GA"
20925,Gwinnett County,GA,White County,GA,73,2855,2855000,1516,2015,2016,inflow,White County-Gwinnett County-GA-1516,"Gwinnett County, GA"
20926,Forsyth County,GA,White County,GA,55,1475,1475000,1516,2015,2016,inflow,White County-Forsyth County-GA-1516,"Forsyth County, GA"
106378,Banks County Total Migration-US and Foreign,GA,Banks County,GA,1598,30874,30874000,1617,2016,2017,inflow,Banks County total migration-1617,"Banks County Total Migration-US and Foreign, GA"
106384,Jackson County,GA,Banks County,GA,373,7431,7431000,1617,2016,2017,inflow,Banks County-Jackson County-GA-1617,"Jackson County, GA"
106385,Habersham County,GA,Banks County,GA,284,3703,3703000,1617,2016,2017,inflow,Banks County-Habersham County-GA-1617,"Habersham County, GA"
106386,Hall County,GA,Banks County,GA,255,5726,5726000,1617,2016,2017,inflow,Banks County-Hall County-GA-1617,"Hall County, GA"
106387,Gwinnett County,GA,Banks County,GA,90,2778,2778000,1617,2016,2017,inflow,Banks County-Gwinnett County-GA-1617,"Gwinnett County, GA"
106388,Franklin County,GA,Banks County,GA,52,991,991000,1617,2016,2017,inflow,Banks County-Franklin County-GA-1617,"Franklin County, GA"
106389,Madison County,GA,Banks County,GA,42,401,401000,1617,2016,2017,inflow,Banks County-Madison County-GA-1617,"Madison County, GA"
106390,Clarke County,GA,Banks County,GA,46,757,757000,1617,2016,2017,inflow,Banks County-Clarke County-GA-1617,"Clarke County, GA"
106391,White County,GA,Banks County,GA,41,606,606000,1617,2016,2017,inflow,Banks County-White County-GA-1617,"White County, GA"
107654,Dawson County Total Migration-US and Foreign,GA,Dawson County,GA,3075,93238,93238000,1617,2016,2017,inflow,Dawson County total migration-1617,"Dawson County Total Migration-US and Foreign, GA"
107660,Forsyth County,GA,Dawson County,GA,1073,31790,31790000,1617,2016,2017,inflow,Dawson County-Forsyth County-GA-1617,"Forsyth County, GA"
107661,Lumpkin County,GA,Dawson County,GA,248,6219,6219000,1617,2016,2017,inflow,Dawson County-Lumpkin County-GA-1617,"Lumpkin County, GA"
107662,Hall County,GA,Dawson County,GA,212,4544,4544000,1617,2016,2017,inflow,Dawson County-Hall County-GA-1617,"Hall County, GA"
107663,Fulton County,GA,Dawson County,GA,174,8184,8184000,1617,2016,2017,inflow,Dawson County-Fulton County-GA-1617,"Fulton County, GA"
107664,Gwinnett County,GA,Dawson County,GA,191,5616,5616000,1617,2016,2017,inflow,Dawson County-Gwinnett County-GA-1617,"Gwinnett County, GA"
107665,Cherokee County,GA,Dawson County,GA,112,2357,2357000,1617,2016,2017,inflow,Dawson County-Cherokee County-GA-1617,"Cherokee County, GA"
107666,DeKalb County,GA,Dawson County,GA,34,1597,1597000,1617,2016,2017,inflow,Dawson County-DeKalb County-GA-1617,"DeKalb County, GA"
107667,Cobb County,GA,Dawson County,GA,42,2051,2051000,1617,2016,2017,inflow,Dawson County-Cobb County-GA-1617,"Cobb County, GA"
107668,Pickens County,GA,Dawson County,GA,44,1322,1322000,1617,2016,2017,inflow,Dawson County-Pickens County-GA-1617,"Pickens County, GA"
108966,Habersham County Total Migration-US and Foreign,GA,Habersham County,GA,2906,70968,70968000,1617,2016,2017,inflow,Habersham County total migration-1617,"Habersham County Total Migration-US and Foreign, GA"
108972,Hall County,GA,Habersham County,GA,451,9281,9281000,1617,2016,2017,inflow,Habersham County-Hall County-GA-1617,"Hall County, GA"
108973,White County,GA,Habersham County,GA,308,5212,5212000,1617,2016,2017,inflow,Habersham County-White County-GA-1617,"White County, GA"
108974,Banks County,GA,Habersham County,GA,281,5156,5156000,1617,2016,2017,inflow,Habersham County-Banks County-GA-1617,"Banks County, GA"
108975,Stephens County,GA,Habersham County,GA,201,3781,3781000,1617,2016,2017,inflow,Habersham County-Stephens County-GA-1617,"Stephens County, GA"
108976,Gwinnett County,GA,Habersham County,GA,160,5930,5930000,1617,2016,2017,inflow,Habersham County-Gwinnett County-GA-1617,"Gwinnett County, GA"
108977,Forsyth County,GA,Habersham County,GA,73,2184,2184000,1617,2016,2017,inflow,Habersham County-Forsyth County-GA-1617,"Forsyth County, GA"
108978,Fulton County,GA,Habersham County,GA,42,2483,2483000,1617,2016,2017,inflow,Habersham County-Fulton County-GA-1617,"Fulton County, GA"
108979,Jackson County,GA,Habersham County,GA,60,1013,1013000,1617,2016,2017,inflow,Habersham County-Jackson County-GA-1617,"Jackson County, GA"
108980,Rabun County,GA,Habersham County,GA,63,1415,1415000,1617,2016,2017,inflow,Habersham County-Rabun County-GA-1617,"Rabun County, GA"
108981,Franklin County,GA,Habersham County,GA,48,864,864000,1617,2016,2017,inflow,Habersham County-Franklin County-GA-1617,"Franklin County, GA"
108982,DeKalb County,GA,Habersham County,GA,34,691,691000,1617,2016,2017,inflow,Habersham County-DeKalb County-GA-1617,"DeKalb County, GA"
108990,Hall County Total Migration-US and Foreign,GA,Hall County,GA,14433,472644,472644000,1617,2016,2017,inflow,Hall County total migration-1617,"Hall County Total Migration-US and Foreign, GA"
108996,Gwinnett County,GA,Hall County,GA,3794,130620,130620000,1617,2016,2017,inflow,Hall County-Gwinnett County-GA-1617,"Gwinnett County, GA"
108997,Forsyth County,GA,Hall County,GA,955,35692,35692000,1617,2016,2017,inflow,Hall County-Forsyth County-GA-1617,"Forsyth County, GA"
108998,Jackson County,GA,Hall County,GA,687,14870,14870000,1617,2016,2017,inflow,Hall County-Jackson County-GA-1617,"Jackson County, GA"
108999,Fulton County,GA,Hall County,GA,464,31167,31167000,1617,2016,2017,inflow,Hall County-Fulton County-GA-1617,"Fulton County, GA"
109000,Barrow County,GA,Hall County,GA,487,11939,11939000,1617,2016,2017,inflow,Hall County-Barrow County-GA-1617,"Barrow County, GA"
109001,DeKalb County,GA,Hall County,GA,349,11650,11650000,1617,2016,2017,inflow,Hall County-DeKalb County-GA-1617,"DeKalb County, GA"
109002,White County,GA,Hall County,GA,370,7078,7078000,1617,2016,2017,inflow,Hall County-White County-GA-1617,"White County, GA"
109003,Lumpkin County,GA,Hall County,GA,314,7454,7454000,1617,2016,2017,inflow,Hall County-Lumpkin County-GA-1617,"Lumpkin County, GA"
109004,Cobb County,GA,Hall County,GA,267,12792,12792000,1617,2016,2017,inflow,Hall County-Cobb County-GA-1617,"Cobb County, GA"
109005,Habersham County,GA,Hall County,GA,300,7072,7072000,1617,2016,2017,inflow,Hall County-Habersham County-GA-1617,"Habersham County, GA"
109006,Dawson County,GA,Hall County,GA,172,5570,5570000,1617,2016,2017,inflow,Hall County-Dawson County-GA-1617,"Dawson County, GA"
109007,Cherokee County,GA,Hall County,GA,171,5311,5311000,1617,2016,2017,inflow,Hall County-Cherokee County-GA-1617,"Cherokee County, GA"
109008,Banks County,GA,Hall County,GA,178,6324,6324000,1617,2016,2017,inflow,Hall County-Banks County-GA-1617,"Banks County, GA"
109009,Walton County,GA,Hall County,GA,129,2733,2733000,1617,2016,2017,inflow,Hall County-Walton County-GA-1617,"Walton County, GA"
109010,Clarke County,GA,Hall County,GA,100,2083,2083000,1617,2016,2017,inflow,Hall County-Clarke County-GA-1617,"Clarke County, GA"
109011,Chatham County,GA,Hall County,GA,96,3310,3310000,1617,2016,2017,inflow,Hall County-Chatham County-GA-1617,"Chatham County, GA"
109012,Henry County,GA,Hall County,GA,78,2245,2245000,1617,2016,2017,inflow,Hall County-Henry County-GA-1617,"Henry County, GA"
109013,Stephens County,GA,Hall County,GA,73,1536,1536000,1617,2016,2017,inflow,Hall County-Stephens County-GA-1617,"Stephens County, GA"
109014,Miami-Dade County,FL,Hall County,GA,53,1404,1404000,1617,2016,2017,inflow,Hall County-Miami-Dade County-FL-1617,"Miami-Dade County, FL"
109015,Broward County,FL,Hall County,GA,68,2444,2444000,1617,2016,2017,inflow,Hall County-Broward County-FL-1617,"Broward County, FL"
109016,Los Angeles County,CA,Hall County,GA,50,1038,1038000,1617,2016,2017,inflow,Hall County-Los Angeles County-CA-1617,"Los Angeles County, CA"
109017,Fayette County,GA,Hall County,GA,54,2956,2956000,1617,2016,2017,inflow,Hall County-Fayette County-GA-1617,"Fayette County, GA"
109018,Harris County,TX,Hall County,GA,67,1018,1018000,1617,2016,2017,inflow,Hall County-Harris County-TX-1617,"Harris County, TX"
109019,Hillsborough County,FL,Hall County,GA,47,1175,1175000,1617,2016,2017,inflow,Hall County-Hillsborough County-FL-1617,"Hillsborough County, FL"
109020,Clayton County,GA,Hall County,GA,48,1008,1008000,1617,2016,2017,inflow,Hall County-Clayton County-GA-1617,"Clayton County, GA"
109021,Rabun County,GA,Hall County,GA,39,1236,1236000,1617,2016,2017,inflow,Hall County-Rabun County-GA-1617,"Rabun County, GA"
109022,Rockdale County,GA,Hall County,GA,39,1290,1290000,1617,2016,2017,inflow,Hall County-Rockdale County-GA-1617,"Rockdale County, GA"
109023,Palm Beach County,FL,Hall County,GA,47,1175,1175000,1617,2016,2017,inflow,Hall County-Palm Beach County-FL-1617,"Palm Beach County, FL"
109024,Douglas County,GA,Hall County,GA,48,1170,1170000,1617,2016,2017,inflow,Hall County-Douglas County-GA-1617,"Douglas County, GA"
109025,Duval County,FL,Hall County,GA,43,751,751000,1617,2016,2017,inflow,Hall County-Duval County-FL-1617,"Duval County, FL"
109026,Pinellas County,FL,Hall County,GA,37,1314,1314000,1617,2016,2017,inflow,Hall County-Pinellas County-FL-1617,"Pinellas County, FL"
109272,Jackson County Total Migration-US and Foreign,GA,Jackson County,GA,8761,222084,222084000,1617,2016,2017,inflow,Jackson County total migration-1617,"Jackson County Total Migration-US and Foreign, GA"
109278,Gwinnett County,GA,Jackson County,GA,2130,65885,65885000,1617,2016,2017,inflow,Jackson County-Gwinnett County-GA-1617,"Gwinnett County, GA"
109279,Hall County,GA,Jackson County,GA,1285,32081,32081000,1617,2016,2017,inflow,Jackson County-Hall County-GA-1617,"Hall County, GA"
109280,Barrow County,GA,Jackson County,GA,976,21958,21958000,1617,2016,2017,inflow,Jackson County-Barrow County-GA-1617,"Barrow County, GA"
109281,Clarke County,GA,Jackson County,GA,538,11151,11151000,1617,2016,2017,inflow,Jackson County-Clarke County-GA-1617,"Clarke County, GA"
109282,Banks County,GA,Jackson County,GA,318,5290,5290000,1617,2016,2017,inflow,Jackson County-Banks County-GA-1617,"Banks County, GA"
109283,Madison County,GA,Jackson County,GA,253,4407,4407000,1617,2016,2017,inflow,Jackson County-Madison County-GA-1617,"Madison County, GA"
109284,Walton County,GA,Jackson County,GA,181,4033,4033000,1617,2016,2017,inflow,Jackson County-Walton County-GA-1617,"Walton County, GA"
109285,Franklin County,GA,Jackson County,GA,142,1992,1992000,1617,2016,2017,inflow,Jackson County-Franklin County-GA-1617,"Franklin County, GA"
109286,Fulton County,GA,Jackson County,GA,108,2761,2761000,1617,2016,2017,inflow,Jackson County-Fulton County-GA-1617,"Fulton County, GA"
109287,Oconee County,GA,Jackson County,GA,117,2921,2921000,1617,2016,2017,inflow,Jackson County-Oconee County-GA-1617,"Oconee County, GA"
109288,Forsyth County,GA,Jackson County,GA,89,2461,2461000,1617,2016,2017,inflow,Jackson County-Forsyth County-GA-1617,"Forsyth County, GA"
109289,Cobb County,GA,Jackson County,GA,83,2038,2038000,1617,2016,2017,inflow,Jackson County-Cobb County-GA-1617,"Cobb County, GA"
109290,DeKalb County,GA,Jackson County,GA,59,2136,2136000,1617,2016,2017,inflow,Jackson County-DeKalb County-GA-1617,"DeKalb County, GA"
109291,Habersham County,GA,Jackson County,GA,72,1387,1387000,1617,2016,2017,inflow,Jackson County-Habersham County-GA-1617,"Habersham County, GA"
109292,Newton County,GA,Jackson County,GA,57,1769,1769000,1617,2016,2017,inflow,Jackson County-Newton County-GA-1617,"Newton County, GA"
109293,Oglethorpe County,GA,Jackson County,GA,50,1218,1218000,1617,2016,2017,inflow,Jackson County-Oglethorpe County-GA-1617,"Oglethorpe County, GA"
109294,Cherokee County,GA,Jackson County,GA,44,1056,1056000,1617,2016,2017,inflow,Jackson County-Cherokee County-GA-1617,"Cherokee County, GA"
109295,Hart County,GA,Jackson County,GA,39,852,852000,1617,2016,2017,inflow,Jackson County-Hart County-GA-1617,"Hart County, GA"
109609,Lumpkin County Total Migration-US and Foreign,GA,Lumpkin County,GA,2911,79859,79859000,1617,2016,2017,inflow,Lumpkin County total migration-1617,"Lumpkin County Total Migration-US and Foreign, GA"
109615,Forsyth County,GA,Lumpkin County,GA,445,13174,13174000,1617,2016,2017,inflow,Lumpkin County-Forsyth County-GA-1617,"Forsyth County, GA"
109616,Hall County,GA,Lumpkin County,GA,347,6603,6603000,1617,2016,2017,inflow,Lumpkin County-Hall County-GA-1617,"Hall County, GA"
109617,Dawson County,GA,Lumpkin County,GA,340,7916,7916000,1617,2016,2017,inflow,Lumpkin County-Dawson County-GA-1617,"Dawson County, GA"
109618,Gwinnett County,GA,Lumpkin County,GA,161,5249,5249000,1617,2016,2017,inflow,Lumpkin County-Gwinnett County-GA-1617,"Gwinnett County, GA"
109619,Fulton County,GA,Lumpkin County,GA,107,4532,4532000,1617,2016,2017,inflow,Lumpkin County-Fulton County-GA-1617,"Fulton County, GA"
109620,White County,GA,Lumpkin County,GA,120,2016,2016000,1617,2016,2017,inflow,Lumpkin County-White County-GA-1617,"White County, GA"
109621,Cobb County,GA,Lumpkin County,GA,52,2146,2146000,1617,2016,2017,inflow,Lumpkin County-Cobb County-GA-1617,"Cobb County, GA"
109622,Cherokee County,GA,Lumpkin County,GA,34,677,677000,1617,2016,2017,inflow,Lumpkin County-Cherokee County-GA-1617,"Cherokee County, GA"
109623,DeKalb County,GA,Lumpkin County,GA,33,801,801000,1617,2016,2017,inflow,Lumpkin County-DeKalb County-GA-1617,"DeKalb County, GA"
110833,White County Total Migration-US and Foreign,GA,White County,GA,2445,62582,62582000,1617,2016,2017,inflow,White County total migration-1617,"White County Total Migration-US and Foreign, GA"
110838,Hall County,GA,White County,GA,483,9968,9968000,1617,2016,2017,inflow,White County-Hall County-GA-1617,"Hall County, GA"
110839,Habersham County,GA,White County,GA,243,3860,3860000,1617,2016,2017,inflow,White County-Habersham County-GA-1617,"Habersham County, GA"
110840,Lumpkin County,GA,White County,GA,183,3680,3680000,1617,2016,2017,inflow,White County-Lumpkin County-GA-1617,"Lumpkin County, GA"
110841,Gwinnett County,GA,White County,GA,154,5963,5963000,1617,2016,2017,inflow,White County-Gwinnett County-GA-1617,"Gwinnett County, GA"
110842,Forsyth County,GA,White County,GA,119,5287,5287000,1617,2016,2017,inflow,White County-Forsyth County-GA-1617,"Forsyth County, GA"
110843,Fulton County,GA,White County,GA,38,2594,2594000,1617,2016,2017,inflow,White County-Fulton County-GA-1617,"Fulton County, GA"
110844,Jackson County,GA,White County,GA,60,1107,1107000,1617,2016,2017,inflow,White County-Jackson County-GA-1617,"Jackson County, GA"
110845,Cobb County,GA,White County,GA,44,1261,1261000,1617,2016,2017,inflow,White County-Cobb County-GA-1617,"Cobb County, GA"
202518,Banks County Total Migration-US and Foreign,GA,Banks County,GA,1443,27427,27427000,1718,2017,2018,inflow,Banks County total migration-1718,"Banks County Total Migration-US and Foreign, GA"
202523,Jackson County,GA,Banks County,GA,417,6722,6722000,1718,2017,2018,inflow,Banks County-Jackson County-GA-1718,"Jackson County, GA"
202524,Hall County,GA,Banks County,GA,296,5584,5584000,1718,2017,2018,inflow,Banks County-Hall County-GA-1718,"Hall County, GA"
202525,Habersham County,GA,Banks County,GA,176,2960,2960000,1718,2017,2018,inflow,Banks County-Habersham County-GA-1718,"Habersham County, GA"
202526,Gwinnett County,GA,Banks County,GA,57,2177,2177000,1718,2017,2018,inflow,Banks County-Gwinnett County-GA-1718,"Gwinnett County, GA"
202527,Madison County,GA,Banks County,GA,52,705,705000,1718,2017,2018,inflow,Banks County-Madison County-GA-1718,"Madison County, GA"
202528,Franklin County,GA,Banks County,GA,45,808,808000,1718,2017,2018,inflow,Banks County-Franklin County-GA-1718,"Franklin County, GA"
203626,Dawson County Total Migration-US and Foreign,GA,Dawson County,GA,2201,75585,75585000,1718,2017,2018,inflow,Dawson County total migration-1718,"Dawson County Total Migration-US and Foreign, GA"
203632,Forsyth County,GA,Dawson County,GA,796,29608,29608000,1718,2017,2018,inflow,Dawson County-Forsyth County-GA-1718,"Forsyth County, GA"
203633,Lumpkin County,GA,Dawson County,GA,179,6164,6164000,1718,2017,2018,inflow,Dawson County-Lumpkin County-GA-1718,"Lumpkin County, GA"
203634,Hall County,GA,Dawson County,GA,160,5773,5773000,1718,2017,2018,inflow,Dawson County-Hall County-GA-1718,"Hall County, GA"
203635,Fulton County,GA,Dawson County,GA,120,7057,7057000,1718,2017,2018,inflow,Dawson County-Fulton County-GA-1718,"Fulton County, GA"
203636,Gwinnett County,GA,Dawson County,GA,128,5351,5351000,1718,2017,2018,inflow,Dawson County-Gwinnett County-GA-1718,"Gwinnett County, GA"
203637,Cherokee County,GA,Dawson County,GA,99,3021,3021000,1718,2017,2018,inflow,Dawson County-Cherokee County-GA-1718,"Cherokee County, GA"
203638,Pickens County,GA,Dawson County,GA,45,1029,1029000,1718,2017,2018,inflow,Dawson County-Pickens County-GA-1718,"Pickens County, GA"
204772,Habersham County Total Migration-US and Foreign,GA,Habersham County,GA,2251,54555,54555000,1718,2017,2018,inflow,Habersham County total migration-1718,"Habersham County Total Migration-US and Foreign, GA"
204778,Hall County,GA,Habersham County,GA,300,6276,6276000,1718,2017,2018,inflow,Habersham County-Hall County-GA-1718,"Hall County, GA"
204779,White County,GA,Habersham County,GA,249,4471,4471000,1718,2017,2018,inflow,Habersham County-White County-GA-1718,"White County, GA"
204780,Banks County,GA,Habersham County,GA,260,3970,3970000,1718,2017,2018,inflow,Habersham County-Banks County-GA-1718,"Banks County, GA"
204781,Stephens County,GA,Habersham County,GA,189,4048,4048000,1718,2017,2018,inflow,Habersham County-Stephens County-GA-1718,"Stephens County, GA"
204782,Gwinnett County,GA,Habersham County,GA,121,3690,3690000,1718,2017,2018,inflow,Habersham County-Gwinnett County-GA-1718,"Gwinnett County, GA"
204783,Rabun County,GA,Habersham County,GA,44,1032,1032000,1718,2017,2018,inflow,Habersham County-Rabun County-GA-1718,"Rabun County, GA"
204784,Franklin County,GA,Habersham County,GA,47,843,843000,1718,2017,2018,inflow,Habersham County-Franklin County-GA-1718,"Franklin County, GA"
204785,Fulton County,GA,Habersham County,GA,32,1739,1739000,1718,2017,2018,inflow,Habersham County-Fulton County-GA-1718,"Fulton County, GA"
204786,Jackson County,GA,Habersham County,GA,42,1101,1101000,1718,2017,2018,inflow,Habersham County-Jackson County-GA-1718,"Jackson County, GA"
204794,Hall County Total Migration-US and Foreign,GA,Hall County,GA,11514,374269,374269000,1718,2017,2018,inflow,Hall County total migration-1718,"Hall County Total Migration-US and Foreign, GA"
204800,Gwinnett County,GA,Hall County,GA,3047,109712,109712000,1718,2017,2018,inflow,Hall County-Gwinnett County-GA-1718,"Gwinnett County, GA"
204801,Forsyth County,GA,Hall County,GA,742,29704,29704000,1718,2017,2018,inflow,Hall County-Forsyth County-GA-1718,"Forsyth County, GA"
204802,Jackson County,GA,Hall County,GA,644,16087,16087000,1718,2017,2018,inflow,Hall County-Jackson County-GA-1718,"Jackson County, GA"
204803,Fulton County,GA,Hall County,GA,369,19474,19474000,1718,2017,2018,inflow,Hall County-Fulton County-GA-1718,"Fulton County, GA"
204804,Barrow County,GA,Hall County,GA,377,8299,8299000,1718,2017,2018,inflow,Hall County-Barrow County-GA-1718,"Barrow County, GA"
204805,Lumpkin County,GA,Hall County,GA,316,8008,8008000,1718,2017,2018,inflow,Hall County-Lumpkin County-GA-1718,"Lumpkin County, GA"
204806,DeKalb County,GA,Hall County,GA,293,7656,7656000,1718,2017,2018,inflow,Hall County-DeKalb County-GA-1718,"DeKalb County, GA"
204807,White County,GA,Hall County,GA,320,6727,6727000,1718,2017,2018,inflow,Hall County-White County-GA-1718,"White County, GA"
204808,Cobb County,GA,Hall County,GA,220,7081,7081000,1718,2017,2018,inflow,Hall County-Cobb County-GA-1718,"Cobb County, GA"
204809,Habersham County,GA,Hall County,GA,255,5129,5129000,1718,2017,2018,inflow,Hall County-Habersham County-GA-1718,"Habersham County, GA"
204810,Dawson County,GA,Hall County,GA,171,4782,4782000,1718,2017,2018,inflow,Hall County-Dawson County-GA-1718,"Dawson County, GA"
204811,Banks County,GA,Hall County,GA,162,3595,3595000,1718,2017,2018,inflow,Hall County-Banks County-GA-1718,"Banks County, GA"
204812,Clarke County,GA,Hall County,GA,113,2627,2627000,1718,2017,2018,inflow,Hall County-Clarke County-GA-1718,"Clarke County, GA"
204813,Walton County,GA,Hall County,GA,107,2701,2701000,1718,2017,2018,inflow,Hall County-Walton County-GA-1718,"Walton County, GA"
204814,Cherokee County,GA,Hall County,GA,72,3987,3987000,1718,2017,2018,inflow,Hall County-Cherokee County-GA-1718,"Cherokee County, GA"
204815,Clayton County,GA,Hall County,GA,77,1129,1129000,1718,2017,2018,inflow,Hall County-Clayton County-GA-1718,"Clayton County, GA"
204816,Miami-Dade County,FL,Hall County,GA,70,1270,1270000,1718,2017,2018,inflow,Hall County-Miami-Dade County-FL-1718,"Miami-Dade County, FL"
204817,Henry County,GA,Hall County,GA,56,1948,1948000,1718,2017,2018,inflow,Hall County-Henry County-GA-1718,"Henry County, GA"
204818,Chatham County,GA,Hall County,GA,50,1568,1568000,1718,2017,2018,inflow,Hall County-Chatham County-GA-1718,"Chatham County, GA"
204819,Stephens County,GA,Hall County,GA,41,890,890000,1718,2017,2018,inflow,Hall County-Stephens County-GA-1718,"Stephens County, GA"
204820,Harris County,TX,Hall County,GA,76,1712,1712000,1718,2017,2018,inflow,Hall County-Harris County-TX-1718,"Harris County, TX"
204821,Los Angeles County,CA,Hall County,GA,37,679,679000,1718,2017,2018,inflow,Hall County-Los Angeles County-CA-1718,"Los Angeles County, CA"
204822,Palm Beach County,FL,Hall County,GA,54,1528,1528000,1718,2017,2018,inflow,Hall County-Palm Beach County-FL-1718,"Palm Beach County, FL"
204823,San Diego County,CA,Hall County,GA,32,1755,1755000,1718,2017,2018,inflow,Hall County-San Diego County-CA-1718,"San Diego County, CA"
204824,Orange County,FL,Hall County,GA,32,1022,1022000,1718,2017,2018,inflow,Hall County-Orange County-FL-1718,"Orange County, FL"
204825,Newton County,GA,Hall County,GA,38,978,978000,1718,2017,2018,inflow,Hall County-Newton County-GA-1718,"Newton County, GA"
205053,Jackson County Total Migration-US and Foreign,GA,Jackson County,GA,6822,176523,176523000,1718,2017,2018,inflow,Jackson County total migration-1718,"Jackson County Total Migration-US and Foreign, GA"
205059,Gwinnett County,GA,Jackson County,GA,1641,53223,53223000,1718,2017,2018,inflow,Jackson County-Gwinnett County-GA-1718,"Gwinnett County, GA"
205060,Hall County,GA,Jackson County,GA,1002,23090,23090000,1718,2017,2018,inflow,Jackson County-Hall County-GA-1718,"Hall County, GA"
205061,Barrow County,GA,Jackson County,GA,664,15434,15434000,1718,2017,2018,inflow,Jackson County-Barrow County-GA-1718,"Barrow County, GA"
205062,Clarke County,GA,Jackson County,GA,568,11670,11670000,1718,2017,2018,inflow,Jackson County-Clarke County-GA-1718,"Clarke County, GA"
205063,Banks County,GA,Jackson County,GA,306,5312,5312000,1718,2017,2018,inflow,Jackson County-Banks County-GA-1718,"Banks County, GA"
205064,Madison County,GA,Jackson County,GA,156,2892,2892000,1718,2017,2018,inflow,Jackson County-Madison County-GA-1718,"Madison County, GA"
205065,Fulton County,GA,Jackson County,GA,88,3830,3830000,1718,2017,2018,inflow,Jackson County-Fulton County-GA-1718,"Fulton County, GA"
205066,DeKalb County,GA,Jackson County,GA,73,2327,2327000,1718,2017,2018,inflow,Jackson County-DeKalb County-GA-1718,"DeKalb County, GA"
205067,Oconee County,GA,Jackson County,GA,95,2378,2378000,1718,2017,2018,inflow,Jackson County-Oconee County-GA-1718,"Oconee County, GA"
205068,Forsyth County,GA,Jackson County,GA,93,3056,3056000,1718,2017,2018,inflow,Jackson County-Forsyth County-GA-1718,"Forsyth County, GA"
205069,Franklin County,GA,Jackson County,GA,84,1246,1246000,1718,2017,2018,inflow,Jackson County-Franklin County-GA-1718,"Franklin County, GA"
205070,Walton County,GA,Jackson County,GA,95,2716,2716000,1718,2017,2018,inflow,Jackson County-Walton County-GA-1718,"Walton County, GA"
205071,Cobb County,GA,Jackson County,GA,44,1317,1317000,1718,2017,2018,inflow,Jackson County-Cobb County-GA-1718,"Cobb County, GA"
205072,Habersham County,GA,Jackson County,GA,46,1303,1303000,1718,2017,2018,inflow,Jackson County-Habersham County-GA-1718,"Habersham County, GA"
205073,Oglethorpe County,GA,Jackson County,GA,42,829,829000,1718,2017,2018,inflow,Jackson County-Oglethorpe County-GA-1718,"Oglethorpe County, GA"
205370,Lumpkin County Total Migration-US and Foreign,GA,Lumpkin County,GA,2116,60446,60446000,1718,2017,2018,inflow,Lumpkin County total migration-1718,"Lumpkin County Total Migration-US and Foreign, GA"
205376,Forsyth County,GA,Lumpkin County,GA,320,10528,10528000,1718,2017,2018,inflow,Lumpkin County-Forsyth County-GA-1718,"Forsyth County, GA"
205377,Hall County,GA,Lumpkin County,GA,285,7417,7417000,1718,2017,2018,inflow,Lumpkin County-Hall County-GA-1718,"Hall County, GA"
205378,Dawson County,GA,Lumpkin County,GA,260,4210,4210000,1718,2017,2018,inflow,Lumpkin County-Dawson County-GA-1718,"Dawson County, GA"
205379,White County,GA,Lumpkin County,GA,103,2047,2047000,1718,2017,2018,inflow,Lumpkin County-White County-GA-1718,"White County, GA"
205380,Fulton County,GA,Lumpkin County,GA,78,6344,6344000,1718,2017,2018,inflow,Lumpkin County-Fulton County-GA-1718,"Fulton County, GA"
205381,Gwinnett County,GA,Lumpkin County,GA,60,1233,1233000,1718,2017,2018,inflow,Lumpkin County-Gwinnett County-GA-1718,"Gwinnett County, GA"
205382,Cobb County,GA,Lumpkin County,GA,35,1343,1343000,1718,2017,2018,inflow,Lumpkin County-Cobb County-GA-1718,"Cobb County, GA"
206503,White County Total Migration-US and Foreign,GA,White County,GA,1869,48303,48303000,1718,2017,2018,inflow,White County total migration-1718,"White County Total Migration-US and Foreign, GA"
206509,Hall County,GA,White County,GA,384,8694,8694000,1718,2017,2018,inflow,White County-Hall County-GA-1718,"Hall County, GA"
206510,Habersham County,GA,White County,GA,245,5191,5191000,1718,2017,2018,inflow,White County-Habersham County-GA-1718,"Habersham County, GA"
206511,Lumpkin County,GA,White County,GA,132,2666,2666000,1718,2017,2018,inflow,White County-Lumpkin County-GA-1718,"Lumpkin County, GA"
206512,Gwinnett County,GA,White County,GA,67,1900,1900000,1718,2017,2018,inflow,White County-Gwinnett County-GA-1718,"Gwinnett County, GA"
206513,Forsyth County,GA,White County,GA,69,2265,2265000,1718,2017,2018,inflow,White County-Forsyth County-GA-1718,"Forsyth County, GA"
289936,Banks County Total Migration-US and Foreign,GA,Banks County,GA,1490,27666,27666000,1819,2018,2019,inflow,Banks County total migration-1819,"Banks County Total Migration-US and Foreign, GA"
289941,Hall County,GA,Banks County,GA,319,6445,6445000,1819,2018,2019,inflow,Banks County-Hall County-GA-1819,"Hall County, GA"
289942,Jackson County,GA,Banks County,GA,328,5650,5650000,1819,2018,2019,inflow,Banks County-Jackson County-GA-1819,"Jackson County, GA"
289943,Habersham County,GA,Banks County,GA,242,3340,3340000,1819,2018,2019,inflow,Banks County-Habersham County-GA-1819,"Habersham County, GA"
289944,Gwinnett County,GA,Banks County,GA,84,2195,2195000,1819,2018,2019,inflow,Banks County-Gwinnett County-GA-1819,"Gwinnett County, GA"
289945,Barrow County,GA,Banks County,GA,50,1428,1428000,1819,2018,2019,inflow,Banks County-Barrow County-GA-1819,"Barrow County, GA"
289946,Franklin County,GA,Banks County,GA,46,766,766000,1819,2018,2019,inflow,Banks County-Franklin County-GA-1819,"Franklin County, GA"
289947,Madison County,GA,Banks County,GA,52,953,953000,1819,2018,2019,inflow,Banks County-Madison County-GA-1819,"Madison County, GA"
290996,Dawson County Total Migration-US and Foreign,GA,Dawson County,GA,2486,82404,82404000,1819,2018,2019,inflow,Dawson County total migration-1819,"Dawson County Total Migration-US and Foreign, GA"
291001,Forsyth County,GA,Dawson County,GA,912,30356,30356000,1819,2018,2019,inflow,Dawson County-Forsyth County-GA-1819,"Forsyth County, GA"
291002,Lumpkin County,GA,Dawson County,GA,269,7166,7166000,1819,2018,2019,inflow,Dawson County-Lumpkin County-GA-1819,"Lumpkin County, GA"
291003,Hall County,GA,Dawson County,GA,140,3581,3581000,1819,2018,2019,inflow,Dawson County-Hall County-GA-1819,"Hall County, GA"
291004,Gwinnett County,GA,Dawson County,GA,147,4676,4676000,1819,2018,2019,inflow,Dawson County-Gwinnett County-GA-1819,"Gwinnett County, GA"
291005,Fulton County,GA,Dawson County,GA,124,7397,7397000,1819,2018,2019,inflow,Dawson County-Fulton County-GA-1819,"Fulton County, GA"
291006,Cherokee County,GA,Dawson County,GA,77,3461,3461000,1819,2018,2019,inflow,Dawson County-Cherokee County-GA-1819,"Cherokee County, GA"
291007,Pickens County,GA,Dawson County,GA,73,1826,1826000,1819,2018,2019,inflow,Dawson County-Pickens County-GA-1819,"Pickens County, GA"
291008,Cobb County,GA,Dawson County,GA,52,1938,1938000,1819,2018,2019,inflow,Dawson County-Cobb County-GA-1819,"Cobb County, GA"
292108,Habersham County Total Migration-US and Foreign,GA,Habersham County,GA,2219,52892,52892000,1819,2018,2019,inflow,Habersham County total migration-1819,"Habersham County Total Migration-US and Foreign, GA"
292113,Hall County,GA,Habersham County,GA,372,7849,7849000,1819,2018,2019,inflow,Habersham County-Hall County-GA-1819,"Hall County, GA"
292114,Banks County,GA,Habersham County,GA,223,3620,3620000,1819,2018,2019,inflow,Habersham County-Banks County-GA-1819,"Banks County, GA"
292115,White County,GA,Habersham County,GA,199,3492,3492000,1819,2018,2019,inflow,Habersham County-White County-GA-1819,"White County, GA"
292116,Stephens County,GA,Habersham County,GA,182,3362,3362000,1819,2018,2019,inflow,Habersham County-Stephens County-GA-1819,"Stephens County, GA"
292117,Gwinnett County,GA,Habersham County,GA,141,6310,6310000,1819,2018,2019,inflow,Habersham County-Gwinnett County-GA-1819,"Gwinnett County, GA"
292118,Rabun County,GA,Habersham County,GA,65,1246,1246000,1819,2018,2019,inflow,Habersham County-Rabun County-GA-1819,"Rabun County, GA"
292119,Fulton County,GA,Habersham County,GA,39,1653,1653000,1819,2018,2019,inflow,Habersham County-Fulton County-GA-1819,"Fulton County, GA"
292120,Forsyth County,GA,Habersham County,GA,49,1196,1196000,1819,2018,2019,inflow,Habersham County-Forsyth County-GA-1819,"Forsyth County, GA"
292121,Franklin County,GA,Habersham County,GA,48,864,864000,1819,2018,2019,inflow,Habersham County-Franklin County-GA-1819,"Franklin County, GA"
292122,Jackson County,GA,Habersham County,GA,41,881,881000,1819,2018,2019,inflow,Habersham County-Jackson County-GA-1819,"Jackson County, GA"
292130,Hall County Total Migration-US and Foreign,GA,Hall County,GA,11161,414059,414059000,1819,2018,2019,inflow,Hall County total migration-1819,"Hall County Total Migration-US and Foreign, GA"
292136,Gwinnett County,GA,Hall County,GA,2999,109271,109271000,1819,2018,2019,inflow,Hall County-Gwinnett County-GA-1819,"Gwinnett County, GA"
292137,Forsyth County,GA,Hall County,GA,695,33179,33179000,1819,2018,2019,inflow,Hall County-Forsyth County-GA-1819,"Forsyth County, GA"
292138,Jackson County,GA,Hall County,GA,649,16378,16378000,1819,2018,2019,inflow,Hall County-Jackson County-GA-1819,"Jackson County, GA"
292139,Fulton County,GA,Hall County,GA,401,24176,24176000,1819,2018,2019,inflow,Hall County-Fulton County-GA-1819,"Fulton County, GA"
292140,Barrow County,GA,Hall County,GA,377,19416,19416000,1819,2018,2019,inflow,Hall County-Barrow County-GA-1819,"Barrow County, GA"
292141,Lumpkin County,GA,Hall County,GA,287,6687,6687000,1819,2018,2019,inflow,Hall County-Lumpkin County-GA-1819,"Lumpkin County, GA"
292142,White County,GA,Hall County,GA,316,5953,5953000,1819,2018,2019,inflow,Hall County-White County-GA-1819,"White County, GA"
292143,DeKalb County,GA,Hall County,GA,240,6665,6665000,1819,2018,2019,inflow,Hall County-DeKalb County-GA-1819,"DeKalb County, GA"
292144,Habersham County,GA,Hall County,GA,264,5919,5919000,1819,2018,2019,inflow,Hall County-Habersham County-GA-1819,"Habersham County, GA"
292145,Cobb County,GA,Hall County,GA,162,9186,9186000,1819,2018,2019,inflow,Hall County-Cobb County-GA-1819,"Cobb County, GA"
292146,Dawson County,GA,Hall County,GA,147,3885,3885000,1819,2018,2019,inflow,Hall County-Dawson County-GA-1819,"Dawson County, GA"
292147,Banks County,GA,Hall County,GA,157,3374,3374000,1819,2018,2019,inflow,Hall County-Banks County-GA-1819,"Banks County, GA"
292148,Clarke County,GA,Hall County,GA,112,2419,2419000,1819,2018,2019,inflow,Hall County-Clarke County-GA-1819,"Clarke County, GA"
292149,Cherokee County,GA,Hall County,GA,135,4126,4126000,1819,2018,2019,inflow,Hall County-Cherokee County-GA-1819,"Cherokee County, GA"
292150,Walton County,GA,Hall County,GA,67,1403,1403000,1819,2018,2019,inflow,Hall County-Walton County-GA-1819,"Walton County, GA"
292151,Henry County,GA,Hall County,GA,60,2450,2450000,1819,2018,2019,inflow,Hall County-Henry County-GA-1819,"Henry County, GA"
292152,Stephens County,GA,Hall County,GA,75,1393,1393000,1819,2018,2019,inflow,Hall County-Stephens County-GA-1819,"Stephens County, GA"
292153,Broward County,FL,Hall County,GA,51,1316,1316000,1819,2018,2019,inflow,Hall County-Broward County-FL-1819,"Broward County, FL"
292154,Miami-Dade County,FL,Hall County,GA,61,1865,1865000,1819,2018,2019,inflow,Hall County-Miami-Dade County-FL-1819,"Miami-Dade County, FL"
292155,Clayton County,GA,Hall County,GA,54,837,837000,1819,2018,2019,inflow,Hall County-Clayton County-GA-1819,"Clayton County, GA"
292156,Los Angeles County,CA,Hall County,GA,52,1929,1929000,1819,2018,2019,inflow,Hall County-Los Angeles County-CA-1819,"Los Angeles County, CA"
292157,Mecklenburg County,NC,Hall County,GA,40,1469,1469000,1819,2018,2019,inflow,Hall County-Mecklenburg County-NC-1819,"Mecklenburg County, NC"
292158,Pinellas County,FL,Hall County,GA,41,1236,1236000,1819,2018,2019,inflow,Hall County-Pinellas County-FL-1819,"Pinellas County, FL"
292374,Jackson County Total Migration-US and Foreign,GA,Jackson County,GA,6439,179767,179767000,1819,2018,2019,inflow,Jackson County total migration-1819,"Jackson County Total Migration-US and Foreign, GA"
292379,Gwinnett County,GA,Jackson County,GA,1562,50911,50911000,1819,2018,2019,inflow,Jackson County-Gwinnett County-GA-1819,"Gwinnett County, GA"
292380,Hall County,GA,Jackson County,GA,999,29325,29325000,1819,2018,2019,inflow,Jackson County-Hall County-GA-1819,"Hall County, GA"
292381,Barrow County,GA,Jackson County,GA,682,15362,15362000,1819,2018,2019,inflow,Jackson County-Barrow County-GA-1819,"Barrow County, GA"
292382,Clarke County,GA,Jackson County,GA,447,9600,9600000,1819,2018,2019,inflow,Jackson County-Clarke County-GA-1819,"Clarke County, GA"
292383,Banks County,GA,Jackson County,GA,235,4137,4137000,1819,2018,2019,inflow,Jackson County-Banks County-GA-1819,"Banks County, GA"
292384,Madison County,GA,Jackson County,GA,156,3252,3252000,1819,2018,2019,inflow,Jackson County-Madison County-GA-1819,"Madison County, GA"
292385,Walton County,GA,Jackson County,GA,131,3285,3285000,1819,2018,2019,inflow,Jackson County-Walton County-GA-1819,"Walton County, GA"
292386,DeKalb County,GA,Jackson County,GA,71,2397,2397000,1819,2018,2019,inflow,Jackson County-DeKalb County-GA-1819,"DeKalb County, GA"
292387,Fulton County,GA,Jackson County,GA,76,3408,3408000,1819,2018,2019,inflow,Jackson County-Fulton County-GA-1819,"Fulton County, GA"
292388,Oconee County,GA,Jackson County,GA,101,2484,2484000,1819,2018,2019,inflow,Jackson County-Oconee County-GA-1819,"Oconee County, GA"
292389,Forsyth County,GA,Jackson County,GA,70,2920,2920000,1819,2018,2019,inflow,Jackson County-Forsyth County-GA-1819,"Forsyth County, GA"
292390,Habersham County,GA,Jackson County,GA,76,1263,1263000,1819,2018,2019,inflow,Jackson County-Habersham County-GA-1819,"Habersham County, GA"
292391,Cobb County,GA,Jackson County,GA,50,1546,1546000,1819,2018,2019,inflow,Jackson County-Cobb County-GA-1819,"Cobb County, GA"
292392,Franklin County,GA,Jackson County,GA,55,1218,1218000,1819,2018,2019,inflow,Jackson County-Franklin County-GA-1819,"Franklin County, GA"
292393,White County,GA,Jackson County,GA,39,1101,1101000,1819,2018,2019,inflow,Jackson County-White County-GA-1819,"White County, GA"
292682,Lumpkin County Total Migration-US and Foreign,GA,Lumpkin County,GA,2161,62221,62221000,1819,2018,2019,inflow,Lumpkin County total migration-1819,"Lumpkin County Total Migration-US and Foreign, GA"
292687,Forsyth County,GA,Lumpkin County,GA,309,11468,11468000,1819,2018,2019,inflow,Lumpkin County-Forsyth County-GA-1819,"Forsyth County, GA"
292688,Hall County,GA,Lumpkin County,GA,317,6188,6188000,1819,2018,2019,inflow,Lumpkin County-Hall County-GA-1819,"Hall County, GA"
292689,Dawson County,GA,Lumpkin County,GA,301,7033,7033000,1819,2018,2019,inflow,Lumpkin County-Dawson County-GA-1819,"Dawson County, GA"
292690,White County,GA,Lumpkin County,GA,123,2898,2898000,1819,2018,2019,inflow,Lumpkin County-White County-GA-1819,"White County, GA"
292691,Gwinnett County,GA,Lumpkin County,GA,78,3001,3001000,1819,2018,2019,inflow,Lumpkin County-Gwinnett County-GA-1819,"Gwinnett County, GA"
292692,Fulton County,GA,Lumpkin County,GA,43,1975,1975000,1819,2018,2019,inflow,Lumpkin County-Fulton County-GA-1819,"Fulton County, GA"
292693,Cherokee County,GA,Lumpkin County,GA,41,1613,1613000,1819,2018,2019,inflow,Lumpkin County-Cherokee County-GA-1819,"Cherokee County, GA"
292694,DeKalb County,GA,Lumpkin County,GA,44,2636,2636000,1819,2018,2019,inflow,Lumpkin County-DeKalb County-GA-1819,"DeKalb County, GA"
292695,Cobb County,GA,Lumpkin County,GA,36,2664,2664000,1819,2018,2019,inflow,Lumpkin County-Cobb County-GA-1819,"Cobb County, GA"
293761,White County Total Migration-US and Foreign,GA,White County,GA,1945,52445,52445000,1819,2018,2019,inflow,White County total migration-1819,"White County Total Migration-US and Foreign, GA"
293766,Hall County,GA,White County,GA,361,8620,8620000,1819,2018,2019,inflow,White County-Hall County-GA-1819,"Hall County, GA"
293767,Habersham County,GA,White County,GA,251,4963,4963000,1819,2018,2019,inflow,White County-Habersham County-GA-1819,"Habersham County, GA"
293768,Lumpkin County,GA,White County,GA,166,2768,2768000,1819,2018,2019,inflow,White County-Lumpkin County-GA-1819,"Lumpkin County, GA"
293769,Gwinnett County,GA,White County,GA,105,3650,3650000,1819,2018,2019,inflow,White County-Gwinnett County-GA-1819,"Gwinnett County, GA"
293770,Forsyth County,GA,White County,GA,70,2937,2937000,1819,2018,2019,inflow,White County-Forsyth County-GA-1819,"Forsyth County, GA"
293771,Jackson County,GA,White County,GA,52,1163,1163000,1819,2018,2019,inflow,White County-Jackson County-GA-1819,"Jackson County, GA"
293772,Fulton County,GA,White County,GA,37,1770,1770000,1819,2018,2019,inflow,White County-Fulton County-GA-1819,"Fulton County, GA"
374555,Banks County Total Migration-US and Foreign,GA,Banks County,GA,1545,34729,34729000,1920,2019,2020,inflow,Banks County total migration-1920,"Banks County Total Migration-US and Foreign, GA"
374560,Jackson County,GA,Banks County,GA,394,7943,7943000,1920,2019,2020,inflow,Banks County-Jackson County-GA-1920,"Jackson County, GA"
374561,Hall County,GA,Banks County,GA,283,6514,6514000,1920,2019,2020,inflow,Banks County-Hall County-GA-1920,"Hall County, GA"
374562,Habersham County,GA,Banks County,GA,224,3986,3986000,1920,2019,2020,inflow,Banks County-Habersham County-GA-1920,"Habersham County, GA"
374563,Gwinnett County,GA,Banks County,GA,104,4226,4226000,1920,2019,2020,inflow,Banks County-Gwinnett County-GA-1920,"Gwinnett County, GA"
374564,Franklin County,GA,Banks County,GA,57,1064,1064000,1920,2019,2020,inflow,Banks County-Franklin County-GA-1920,"Franklin County, GA"
374565,Barrow County,GA,Banks County,GA,41,868,868000,1920,2019,2020,inflow,Banks County-Barrow County-GA-1920,"Barrow County, GA"
374566,Madison County,GA,Banks County,GA,42,784,784000,1920,2019,2020,inflow,Banks County-Madison County-GA-1920,"Madison County, GA"
375665,Dawson County Total Migration-US and Foreign,GA,Dawson County,GA,2977,116398,116398000,1920,2019,2020,inflow,Dawson County total migration-1920,"Dawson County Total Migration-US and Foreign, GA"
375670,Forsyth County,GA,Dawson County,GA,1149,37380,37380000,1920,2019,2020,inflow,Dawson County-Forsyth County-GA-1920,"Forsyth County, GA"
375671,Fulton County,GA,Dawson County,GA,195,18791,18791000,1920,2019,2020,inflow,Dawson County-Fulton County-GA-1920,"Fulton County, GA"
375672,Lumpkin County,GA,Dawson County,GA,216,5102,5102000,1920,2019,2020,inflow,Dawson County-Lumpkin County-GA-1920,"Lumpkin County, GA"
375673,Hall County,GA,Dawson County,GA,156,4460,4460000,1920,2019,2020,inflow,Dawson County-Hall County-GA-1920,"Hall County, GA"
375674,Gwinnett County,GA,Dawson County,GA,160,5776,5776000,1920,2019,2020,inflow,Dawson County-Gwinnett County-GA-1920,"Gwinnett County, GA"
375675,Cherokee County,GA,Dawson County,GA,127,3352,3352000,1920,2019,2020,inflow,Dawson County-Cherokee County-GA-1920,"Cherokee County, GA"
375676,Cobb County,GA,Dawson County,GA,61,4325,4325000,1920,2019,2020,inflow,Dawson County-Cobb County-GA-1920,"Cobb County, GA"
375677,DeKalb County,GA,Dawson County,GA,49,2252,2252000,1920,2019,2020,inflow,Dawson County-DeKalb County-GA-1920,"DeKalb County, GA"
375678,Pickens County,GA,Dawson County,GA,59,2020,2020000,1920,2019,2020,inflow,Dawson County-Pickens County-GA-1920,"Pickens County, GA"
376800,Habersham County Total Migration-US and Foreign,GA,Habersham County,GA,2831,72356,72356000,1920,2019,2020,inflow,Habersham County total migration-1920,"Habersham County Total Migration-US and Foreign, GA"
376805,Hall County,GA,Habersham County,GA,422,9762,9762000,1920,2019,2020,inflow,Habersham County-Hall County-GA-1920,"Hall County, GA"
376806,White County,GA,Habersham County,GA,287,6037,6037000,1920,2019,2020,inflow,Habersham County-White County-GA-1920,"White County, GA"
376807,Banks County,GA,Habersham County,GA,268,4032,4032000,1920,2019,2020,inflow,Habersham County-Banks County-GA-1920,"Banks County, GA"
376808,Gwinnett County,GA,Habersham County,GA,176,6387,6387000,1920,2019,2020,inflow,Habersham County-Gwinnett County-GA-1920,"Gwinnett County, GA"
376809,Stephens County,GA,Habersham County,GA,171,3065,3065000,1920,2019,2020,inflow,Habersham County-Stephens County-GA-1920,"Stephens County, GA"
376810,Rabun County,GA,Habersham County,GA,105,2974,2974000,1920,2019,2020,inflow,Habersham County-Rabun County-GA-1920,"Rabun County, GA"
376811,Jackson County,GA,Habersham County,GA,93,1858,1858000,1920,2019,2020,inflow,Habersham County-Jackson County-GA-1920,"Jackson County, GA"
376812,Fulton County,GA,Habersham County,GA,41,2004,2004000,1920,2019,2020,inflow,Habersham County-Fulton County-GA-1920,"Fulton County, GA"
376813,Lumpkin County,GA,Habersham County,GA,48,1164,1164000,1920,2019,2020,inflow,Habersham County-Lumpkin County-GA-1920,"Lumpkin County, GA"
376821,Hall County Total Migration-US and Foreign,GA,Hall County,GA,12924,481317,481317000,1920,2019,2020,inflow,Hall County total migration-1920,"Hall County Total Migration-US and Foreign, GA"
376826,Gwinnett County,GA,Hall County,GA,3844,150485,150485000,1920,2019,2020,inflow,Hall County-Gwinnett County-GA-1920,"Gwinnett County, GA"
376827,Forsyth County,GA,Hall County,GA,956,40503,40503000,1920,2019,2020,inflow,Hall County-Forsyth County-GA-1920,"Forsyth County, GA"
376828,Jackson County,GA,Hall County,GA,764,22690,22690000,1920,2019,2020,inflow,Hall County-Jackson County-GA-1920,"Jackson County, GA"
376829,Fulton County,GA,Hall County,GA,432,27556,27556000,1920,2019,2020,inflow,Hall County-Fulton County-GA-1920,"Fulton County, GA"
376830,Barrow County,GA,Hall County,GA,355,9406,9406000,1920,2019,2020,inflow,Hall County-Barrow County-GA-1920,"Barrow County, GA"
376831,DeKalb County,GA,Hall County,GA,292,13198,13198000,1920,2019,2020,inflow,Hall County-DeKalb County-GA-1920,"DeKalb County, GA"
376832,Lumpkin County,GA,Hall County,GA,304,6621,6621000,1920,2019,2020,inflow,Hall County-Lumpkin County-GA-1920,"Lumpkin County, GA"
376833,White County,GA,Hall County,GA,288,6586,6586000,1920,2019,2020,inflow,Hall County-White County-GA-1920,"White County, GA"
376834,Habersham County,GA,Hall County,GA,256,5843,5843000,1920,2019,2020,inflow,Hall County-Habersham County-GA-1920,"Habersham County, GA"
376835,Cobb County,GA,Hall County,GA,217,14505,14505000,1920,2019,2020,inflow,Hall County-Cobb County-GA-1920,"Cobb County, GA"
376836,Banks County,GA,Hall County,GA,194,4626,4626000,1920,2019,2020,inflow,Hall County-Banks County-GA-1920,"Banks County, GA"
376837,Clarke County,GA,Hall County,GA,132,3391,3391000,1920,2019,2020,inflow,Hall County-Clarke County-GA-1920,"Clarke County, GA"
376838,Dawson County,GA,Hall County,GA,170,4838,4838000,1920,2019,2020,inflow,Hall County-Dawson County-GA-1920,"Dawson County, GA"
376839,Cherokee County,GA,Hall County,GA,193,8928,8928000,1920,2019,2020,inflow,Hall County-Cherokee County-GA-1920,"Cherokee County, GA"
376840,Walton County,GA,Hall County,GA,118,3593,3593000,1920,2019,2020,inflow,Hall County-Walton County-GA-1920,"Walton County, GA"
376841,Los Angeles County,CA,Hall County,GA,65,2491,2491000,1920,2019,2020,inflow,Hall County-Los Angeles County-CA-1920,"Los Angeles County, CA"
376842,Broward County,FL,Hall County,GA,67,1981,1981000,1920,2019,2020,inflow,Hall County-Broward County-FL-1920,"Broward County, FL"
376843,Miami-Dade County,FL,Hall County,GA,63,1324,1324000,1920,2019,2020,inflow,Hall County-Miami-Dade County-FL-1920,"Miami-Dade County, FL"
376844,Clayton County,GA,Hall County,GA,74,1402,1402000,1920,2019,2020,inflow,Hall County-Clayton County-GA-1920,"Clayton County, GA"
376845,Stephens County,GA,Hall County,GA,73,1645,1645000,1920,2019,2020,inflow,Hall County-Stephens County-GA-1920,"Stephens County, GA"
376846,Palm Beach County,FL,Hall County,GA,60,1967,1967000,1920,2019,2020,inflow,Hall County-Palm Beach County-FL-1920,"Palm Beach County, FL"
376847,Henry County,GA,Hall County,GA,68,1585,1585000,1920,2019,2020,inflow,Hall County-Henry County-GA-1920,"Henry County, GA"
376848,Hillsborough County,FL,Hall County,GA,42,971,971000,1920,2019,2020,inflow,Hall County-Hillsborough County-FL-1920,"Hillsborough County, FL"
376849,Newton County,GA,Hall County,GA,54,978,978000,1920,2019,2020,inflow,Hall County-Newton County-GA-1920,"Newton County, GA"
376850,Orange County,FL,Hall County,GA,33,1021,1021000,1920,2019,2020,inflow,Hall County-Orange County-FL-1920,"Orange County, FL"
376851,Mecklenburg County,NC,Hall County,GA,37,2082,2082000,1920,2019,2020,inflow,Hall County-Mecklenburg County-NC-1920,"Mecklenburg County, NC"
377085,Jackson County Total Migration-US and Foreign,GA,Jackson County,GA,8026,224086,224086000,1920,2019,2020,inflow,Jackson County total migration-1920,"Jackson County Total Migration-US and Foreign, GA"
377090,Gwinnett County,GA,Jackson County,GA,2223,72482,72482000,1920,2019,2020,inflow,Jackson County-Gwinnett County-GA-1920,"Gwinnett County, GA"
377091,Hall County,GA,Jackson County,GA,1159,27834,27834000,1920,2019,2020,inflow,Jackson County-Hall County-GA-1920,"Hall County, GA"
377092,Barrow County,GA,Jackson County,GA,886,19865,19865000,1920,2019,2020,inflow,Jackson County-Barrow County-GA-1920,"Barrow County, GA"
377093,Clarke County,GA,Jackson County,GA,520,12796,12796000,1920,2019,2020,inflow,Jackson County-Clarke County-GA-1920,"Clarke County, GA"
377094,Banks County,GA,Jackson County,GA,318,4527,4527000,1920,2019,2020,inflow,Jackson County-Banks County-GA-1920,"Banks County, GA"
377095,Madison County,GA,Jackson County,GA,140,3379,3379000,1920,2019,2020,inflow,Jackson County-Madison County-GA-1920,"Madison County, GA"
377096,Forsyth County,GA,Jackson County,GA,126,4435,4435000,1920,2019,2020,inflow,Jackson County-Forsyth County-GA-1920,"Forsyth County, GA"
377097,Fulton County,GA,Jackson County,GA,106,4287,4287000,1920,2019,2020,inflow,Jackson County-Fulton County-GA-1920,"Fulton County, GA"
377098,Walton County,GA,Jackson County,GA,114,3022,3022000,1920,2019,2020,inflow,Jackson County-Walton County-GA-1920,"Walton County, GA"
377099,DeKalb County,GA,Jackson County,GA,88,5021,5021000,1920,2019,2020,inflow,Jackson County-DeKalb County-GA-1920,"DeKalb County, GA"
377100,Franklin County,GA,Jackson County,GA,101,2762,2762000,1920,2019,2020,inflow,Jackson County-Franklin County-GA-1920,"Franklin County, GA"
377101,Oconee County,GA,Jackson County,GA,93,2384,2384000,1920,2019,2020,inflow,Jackson County-Oconee County-GA-1920,"Oconee County, GA"
377102,Habersham County,GA,Jackson County,GA,49,908,908000,1920,2019,2020,inflow,Jackson County-Habersham County-GA-1920,"Habersham County, GA"
377103,Cherokee County,GA,Jackson County,GA,39,1787,1787000,1920,2019,2020,inflow,Jackson County-Cherokee County-GA-1920,"Cherokee County, GA"
377104,Hart County,GA,Jackson County,GA,50,1387,1387000,1920,2019,2020,inflow,Jackson County-Hart County-GA-1920,"Hart County, GA"
377105,Cobb County,GA,Jackson County,GA,51,1957,1957000,1920,2019,2020,inflow,Jackson County-Cobb County-GA-1920,"Cobb County, GA"
377397,Lumpkin County Total Migration-US and Foreign,GA,Lumpkin County,GA,2521,78794,78794000,1920,2019,2020,inflow,Lumpkin County total migration-1920,"Lumpkin County Total Migration-US and Foreign, GA"
377402,Forsyth County,GA,Lumpkin County,GA,410,11476,11476000,1920,2019,2020,inflow,Lumpkin County-Forsyth County-GA-1920,"Forsyth County, GA"
377403,Hall County,GA,Lumpkin County,GA,327,7682,7682000,1920,2019,2020,inflow,Lumpkin County-Hall County-GA-1920,"Hall County, GA"
377404,Dawson County,GA,Lumpkin County,GA,314,7858,7858000,1920,2019,2020,inflow,Lumpkin County-Dawson County-GA-1920,"Dawson County, GA"
377405,Gwinnett County,GA,Lumpkin County,GA,105,3284,3284000,1920,2019,2020,inflow,Lumpkin County-Gwinnett County-GA-1920,"Gwinnett County, GA"
377406,White County,GA,Lumpkin County,GA,110,2162,2162000,1920,2019,2020,inflow,Lumpkin County-White County-GA-1920,"White County, GA"
377407,Fulton County,GA,Lumpkin County,GA,84,6078,6078000,1920,2019,2020,inflow,Lumpkin County-Fulton County-GA-1920,"Fulton County, GA"
377408,Cherokee County,GA,Lumpkin County,GA,59,1222,1222000,1920,2019,2020,inflow,Lumpkin County-Cherokee County-GA-1920,"Cherokee County, GA"
377409,Cobb County,GA,Lumpkin County,GA,45,4817,4817000,1920,2019,2020,inflow,Lumpkin County-Cobb County-GA-1920,"Cobb County, GA"
378526,White County Total Migration-US and Foreign,GA,White County,GA,2120,53481,53481000,1920,2019,2020,inflow,White County total migration-1920,"White County Total Migration-US and Foreign, GA"
378531,Hall County,GA,White County,GA,409,8137,8137000,1920,2019,2020,inflow,White County-Hall County-GA-1920,"Hall County, GA"
378532,Habersham County,GA,White County,GA,271,5057,5057000,1920,2019,2020,inflow,White County-Habersham County-GA-1920,"Habersham County, GA"
378533,Lumpkin County,GA,White County,GA,162,2957,2957000,1920,2019,2020,inflow,White County-Lumpkin County-GA-1920,"Lumpkin County, GA"
378534,Gwinnett County,GA,White County,GA,144,4768,4768000,1920,2019,2020,inflow,White County-Gwinnett County-GA-1920,"Gwinnett County, GA"
378535,Forsyth County,GA,White County,GA,135,4574,4574000,1920,2019,2020,inflow,White County-Forsyth County-GA-1920,"Forsyth County, GA"
378536,Fulton County,GA,White County,GA,40,2092,2092000,1920,2019,2020,inflow,White County-Fulton County-GA-1920,"Fulton County, GA"
378537,Jackson County,GA,White County,GA,47,1230,1230000,1920,2019,2020,inflow,White County-Jackson County-GA-1920,"Jackson County, GA"
