,y1_countyname,y1_state,y2_countyname,y2_state,n2_outflow,agi_perThou_outflow,agi_outflow,yr_range,year1,year2,mig_direction2,unique_tag,secondary_county
15866,Banks County,GA,Banks County Total Migration-US and Foreign,GA,1265,18347,18347000,1516,2015,2016,outflow,Banks County total migration-1516,"Banks County Total Migration-US and Foreign, GA"
15871,Banks County,GA,Jackson County,GA,325,5402,5402000,1516,2015,2016,outflow,Banks County-Jackson County-GA-1516,"Jackson County, GA"
15872,Banks County,GA,Habersham County,GA,352,3907,3907000,1516,2015,2016,outflow,Banks County-Habersham County-GA-1516,"Habersham County, GA"
15873,Banks County,GA,Hall County,GA,145,2445,2445000,1516,2015,2016,outflow,Banks County-Hall County-GA-1516,"Hall County, GA"
15874,Banks County,GA,Franklin County,GA,51,916,916000,1516,2015,2016,outflow,Banks County-Franklin County-GA-1516,"Franklin County, GA"
16914,Dawson County,GA,Dawson County Total Migration-US and Foreign,GA,1711,40480,40480000,1516,2015,2016,outflow,Dawson County total migration-1516,"Dawson County Total Migration-US and Foreign, GA"
16920,Dawson County,GA,Forsyth County,GA,449,11276,11276000,1516,2015,2016,outflow,Dawson County-Forsyth County-GA-1516,"Forsyth County, GA"
16921,Dawson County,GA,Lumpkin County,GA,256,4551,4551000,1516,2015,2016,outflow,Dawson County-Lumpkin County-GA-1516,"Lumpkin County, GA"
16922,Dawson County,GA,Hall County,GA,151,3015,3015000,1516,2015,2016,outflow,Dawson County-Hall County-GA-1516,"Hall County, GA"
16923,Dawson County,GA,Fulton County,GA,78,2820,2820000,1516,2015,2016,outflow,Dawson County-Fulton County-GA-1516,"Fulton County, GA"
16924,Dawson County,GA,Gwinnett County,GA,63,1393,1393000,1516,2015,2016,outflow,Dawson County-Gwinnett County-GA-1516,"Gwinnett County, GA"
16925,Dawson County,GA,Cherokee County,GA,65,1236,1236000,1516,2015,2016,outflow,Dawson County-Cherokee County-GA-1516,"Cherokee County, GA"
17964,Habersham County,GA,Habersham County Total Migration-US and Foreign,GA,1681,31194,31194000,1516,2015,2016,outflow,Habersham County total migration-1516,"Habersham County Total Migration-US and Foreign, GA"
17970,Habersham County,GA,Hall County,GA,273,4934,4934000,1516,2015,2016,outflow,Habersham County-Hall County-GA-1516,"Hall County, GA"
17971,Habersham County,GA,White County,GA,173,3420,3420000,1516,2015,2016,outflow,Habersham County-White County-GA-1516,"White County, GA"
17972,Habersham County,GA,Banks County,GA,208,2719,2719000,1516,2015,2016,outflow,Habersham County-Banks County-GA-1516,"Banks County, GA"
17973,Habersham County,GA,Stephens County,GA,126,1804,1804000,1516,2015,2016,outflow,Habersham County-Stephens County-GA-1516,"Stephens County, GA"
17974,Habersham County,GA,Gwinnett County,GA,52,1354,1354000,1516,2015,2016,outflow,Habersham County-Gwinnett County-GA-1516,"Gwinnett County, GA"
17975,Habersham County,GA,Lumpkin County,GA,50,514,514000,1516,2015,2016,outflow,Habersham County-Lumpkin County-GA-1516,"Lumpkin County, GA"
17976,Habersham County,GA,Clarke County,GA,40,759,759000,1516,2015,2016,outflow,Habersham County-Clarke County-GA-1516,"Clarke County, GA"
17977,Habersham County,GA,Rabun County,GA,52,830,830000,1516,2015,2016,outflow,Habersham County-Rabun County-GA-1516,"Rabun County, GA"
17985,Hall County,GA,Hall County Total Migration-US and Foreign,GA,8895,228981,228981000,1516,2015,2016,outflow,Hall County total migration-1516,"Hall County Total Migration-US and Foreign, GA"
17991,Hall County,GA,Gwinnett County,GA,1620,44363,44363000,1516,2015,2016,outflow,Hall County-Gwinnett County-GA-1516,"Gwinnett County, GA"
17992,Hall County,GA,Jackson County,GA,784,19373,19373000,1516,2015,2016,outflow,Hall County-Jackson County-GA-1516,"Jackson County, GA"
17993,Hall County,GA,Forsyth County,GA,489,13728,13728000,1516,2015,2016,outflow,Hall County-Forsyth County-GA-1516,"Forsyth County, GA"
17994,Hall County,GA,Barrow County,GA,384,7171,7171000,1516,2015,2016,outflow,Hall County-Barrow County-GA-1516,"Barrow County, GA"
17995,Hall County,GA,Fulton County,GA,249,9153,9153000,1516,2015,2016,outflow,Hall County-Fulton County-GA-1516,"Fulton County, GA"
17996,Hall County,GA,DeKalb County,GA,229,7604,7604000,1516,2015,2016,outflow,Hall County-DeKalb County-GA-1516,"DeKalb County, GA"
17997,Hall County,GA,White County,GA,311,4608,4608000,1516,2015,2016,outflow,Hall County-White County-GA-1516,"White County, GA"
17998,Hall County,GA,Habersham County,GA,281,4780,4780000,1516,2015,2016,outflow,Hall County-Habersham County-GA-1516,"Habersham County, GA"
17999,Hall County,GA,Lumpkin County,GA,244,4595,4595000,1516,2015,2016,outflow,Hall County-Lumpkin County-GA-1516,"Lumpkin County, GA"
18000,Hall County,GA,Cobb County,GA,144,4559,4559000,1516,2015,2016,outflow,Hall County-Cobb County-GA-1516,"Cobb County, GA"
18001,Hall County,GA,Banks County,GA,190,2849,2849000,1516,2015,2016,outflow,Hall County-Banks County-GA-1516,"Banks County, GA"
18002,Hall County,GA,Clarke County,GA,127,2253,2253000,1516,2015,2016,outflow,Hall County-Clarke County-GA-1516,"Clarke County, GA"
18003,Hall County,GA,Dawson County,GA,148,3332,3332000,1516,2015,2016,outflow,Hall County-Dawson County-GA-1516,"Dawson County, GA"
18004,Hall County,GA,Walton County,GA,70,1278,1278000,1516,2015,2016,outflow,Hall County-Walton County-GA-1516,"Walton County, GA"
18005,Hall County,GA,Cherokee County,GA,55,1630,1630000,1516,2015,2016,outflow,Hall County-Cherokee County-GA-1516,"Cherokee County, GA"
18006,Hall County,GA,Franklin County,GA,47,1333,1333000,1516,2015,2016,outflow,Hall County-Franklin County-GA-1516,"Franklin County, GA"
18214,Jackson County,GA,Jackson County Total Migration-US and Foreign,GA,3779,82721,82721000,1516,2015,2016,outflow,Jackson County total migration-1516,"Jackson County Total Migration-US and Foreign, GA"
18220,Jackson County,GA,Hall County,GA,545,11539,11539000,1516,2015,2016,outflow,Jackson County-Hall County-GA-1516,"Hall County, GA"
18221,Jackson County,GA,Barrow County,GA,439,8257,8257000,1516,2015,2016,outflow,Jackson County-Barrow County-GA-1516,"Barrow County, GA"
18222,Jackson County,GA,Clarke County,GA,371,7710,7710000,1516,2015,2016,outflow,Jackson County-Clarke County-GA-1516,"Clarke County, GA"
18223,Jackson County,GA,Gwinnett County,GA,391,10864,10864000,1516,2015,2016,outflow,Jackson County-Gwinnett County-GA-1516,"Gwinnett County, GA"
18224,Jackson County,GA,Banks County,GA,279,4925,4925000,1516,2015,2016,outflow,Jackson County-Banks County-GA-1516,"Banks County, GA"
18225,Jackson County,GA,Madison County,GA,176,3156,3156000,1516,2015,2016,outflow,Jackson County-Madison County-GA-1516,"Madison County, GA"
18226,Jackson County,GA,Franklin County,GA,130,1452,1452000,1516,2015,2016,outflow,Jackson County-Franklin County-GA-1516,"Franklin County, GA"
18227,Jackson County,GA,Cobb County,GA,41,975,975000,1516,2015,2016,outflow,Jackson County-Cobb County-GA-1516,"Cobb County, GA"
18228,Jackson County,GA,Oconee County,GA,76,2408,2408000,1516,2015,2016,outflow,Jackson County-Oconee County-GA-1516,"Oconee County, GA"
18229,Jackson County,GA,Walton County,GA,55,853,853000,1516,2015,2016,outflow,Jackson County-Walton County-GA-1516,"Walton County, GA"
18230,Jackson County,GA,DeKalb County,GA,36,888,888000,1516,2015,2016,outflow,Jackson County-DeKalb County-GA-1516,"DeKalb County, GA"
18231,Jackson County,GA,Stephens County,GA,51,810,810000,1516,2015,2016,outflow,Jackson County-Stephens County-GA-1516,"Stephens County, GA"
18232,Jackson County,GA,Forsyth County,GA,37,1098,1098000,1516,2015,2016,outflow,Jackson County-Forsyth County-GA-1516,"Forsyth County, GA"
18233,Jackson County,GA,Fulton County,GA,50,1141,1141000,1516,2015,2016,outflow,Jackson County-Fulton County-GA-1516,"Fulton County, GA"
18234,Jackson County,GA,Habersham County,GA,55,1082,1082000,1516,2015,2016,outflow,Jackson County-Habersham County-GA-1516,"Habersham County, GA"
18523,Lumpkin County,GA,Lumpkin County Total Migration-US and Foreign,GA,1732,32508,32508000,1516,2015,2016,outflow,Lumpkin County total migration-1516,"Lumpkin County Total Migration-US and Foreign, GA"
18529,Lumpkin County,GA,Hall County,GA,307,6157,6157000,1516,2015,2016,outflow,Lumpkin County-Hall County-GA-1516,"Hall County, GA"
18530,Lumpkin County,GA,Forsyth County,GA,162,3862,3862000,1516,2015,2016,outflow,Lumpkin County-Forsyth County-GA-1516,"Forsyth County, GA"
18531,Lumpkin County,GA,Dawson County,GA,164,3169,3169000,1516,2015,2016,outflow,Lumpkin County-Dawson County-GA-1516,"Dawson County, GA"
18532,Lumpkin County,GA,White County,GA,148,1833,1833000,1516,2015,2016,outflow,Lumpkin County-White County-GA-1516,"White County, GA"
18533,Lumpkin County,GA,Gwinnett County,GA,52,703,703000,1516,2015,2016,outflow,Lumpkin County-Gwinnett County-GA-1516,"Gwinnett County, GA"
18534,Lumpkin County,GA,Fulton County,GA,38,1567,1567000,1516,2015,2016,outflow,Lumpkin County-Fulton County-GA-1516,"Fulton County, GA"
18535,Lumpkin County,GA,Habersham County,GA,35,536,536000,1516,2015,2016,outflow,Lumpkin County-Habersham County-GA-1516,"Habersham County, GA"
19634,White County,GA,White County Total Migration-US and Foreign,GA,1302,27306,27306000,1516,2015,2016,outflow,White County total migration-1516,"White County Total Migration-US and Foreign, GA"
19640,White County,GA,Hall County,GA,277,5012,5012000,1516,2015,2016,outflow,White County-Hall County-GA-1516,"Hall County, GA"
19641,White County,GA,Habersham County,GA,217,3988,3988000,1516,2015,2016,outflow,White County-Habersham County-GA-1516,"Habersham County, GA"
19642,White County,GA,Lumpkin County,GA,111,2184,2184000,1516,2015,2016,outflow,White County-Lumpkin County-GA-1516,"Lumpkin County, GA"
19643,White County,GA,Gwinnett County,GA,35,837,837000,1516,2015,2016,outflow,White County-Gwinnett County-GA-1516,"Gwinnett County, GA"
105538,Banks County,GA,Banks County Total Migration-US and Foreign,GA,1353,26687,26687000,1617,2016,2017,outflow,Banks County total migration-1617,"Banks County Total Migration-US and Foreign, GA"
105543,Banks County,GA,Jackson County,GA,318,5290,5290000,1617,2016,2017,outflow,Banks County-Jackson County-GA-1617,"Jackson County, GA"
105544,Banks County,GA,Habersham County,GA,281,5156,5156000,1617,2016,2017,outflow,Banks County-Habersham County-GA-1617,"Habersham County, GA"
105545,Banks County,GA,Hall County,GA,178,6324,6324000,1617,2016,2017,outflow,Banks County-Hall County-GA-1617,"Hall County, GA"
105546,Banks County,GA,Franklin County,GA,99,1092,1092000,1617,2016,2017,outflow,Banks County-Franklin County-GA-1617,"Franklin County, GA"
105547,Banks County,GA,Clarke County,GA,40,578,578000,1617,2016,2017,outflow,Banks County-Clarke County-GA-1617,"Clarke County, GA"
105548,Banks County,GA,Madison County,GA,46,644,644000,1617,2016,2017,outflow,Banks County-Madison County-GA-1617,"Madison County, GA"
106782,Dawson County,GA,Dawson County Total Migration-US and Foreign,GA,2115,66781,66781000,1617,2016,2017,outflow,Dawson County total migration-1617,"Dawson County Total Migration-US and Foreign, GA"
106787,Dawson County,GA,Forsyth County,GA,619,14314,14314000,1617,2016,2017,outflow,Dawson County-Forsyth County-GA-1617,"Forsyth County, GA"
106788,Dawson County,GA,Lumpkin County,GA,340,7916,7916000,1617,2016,2017,outflow,Dawson County-Lumpkin County-GA-1617,"Lumpkin County, GA"
106789,Dawson County,GA,Hall County,GA,172,5570,5570000,1617,2016,2017,outflow,Dawson County-Hall County-GA-1617,"Hall County, GA"
106790,Dawson County,GA,Cherokee County,GA,89,2789,2789000,1617,2016,2017,outflow,Dawson County-Cherokee County-GA-1617,"Cherokee County, GA"
106791,Dawson County,GA,Fulton County,GA,68,2830,2830000,1617,2016,2017,outflow,Dawson County-Fulton County-GA-1617,"Fulton County, GA"
106792,Dawson County,GA,Pickens County,GA,68,1375,1375000,1617,2016,2017,outflow,Dawson County-Pickens County-GA-1617,"Pickens County, GA"
106793,Dawson County,GA,Gwinnett County,GA,48,1105,1105000,1617,2016,2017,outflow,Dawson County-Gwinnett County-GA-1617,"Gwinnett County, GA"
106794,Dawson County,GA,DeKalb County,GA,32,885,885000,1617,2016,2017,outflow,Dawson County-DeKalb County-GA-1617,"DeKalb County, GA"
106795,Dawson County,GA,Cobb County,GA,38,1040,1040000,1617,2016,2017,outflow,Dawson County-Cobb County-GA-1617,"Cobb County, GA"
107994,Habersham County,GA,Habersham County Total Migration-US and Foreign,GA,2424,48451,48451000,1617,2016,2017,outflow,Habersham County total migration-1617,"Habersham County Total Migration-US and Foreign, GA"
108000,Habersham County,GA,Hall County,GA,300,7072,7072000,1617,2016,2017,outflow,Habersham County-Hall County-GA-1617,"Hall County, GA"
108001,Habersham County,GA,Banks County,GA,284,3703,3703000,1617,2016,2017,outflow,Habersham County-Banks County-GA-1617,"Banks County, GA"
108002,Habersham County,GA,Stephens County,GA,252,5125,5125000,1617,2016,2017,outflow,Habersham County-Stephens County-GA-1617,"Stephens County, GA"
108003,Habersham County,GA,White County,GA,243,3860,3860000,1617,2016,2017,outflow,Habersham County-White County-GA-1617,"White County, GA"
108004,Habersham County,GA,Jackson County,GA,72,1387,1387000,1617,2016,2017,outflow,Habersham County-Jackson County-GA-1617,"Jackson County, GA"
108005,Habersham County,GA,Franklin County,GA,65,1118,1118000,1617,2016,2017,outflow,Habersham County-Franklin County-GA-1617,"Franklin County, GA"
108006,Habersham County,GA,Gwinnett County,GA,58,1148,1148000,1617,2016,2017,outflow,Habersham County-Gwinnett County-GA-1617,"Gwinnett County, GA"
108007,Habersham County,GA,Rabun County,GA,62,1531,1531000,1617,2016,2017,outflow,Habersham County-Rabun County-GA-1617,"Rabun County, GA"
108015,Hall County,GA,Hall County Total Migration-US and Foreign,GA,12066,338877,338877000,1617,2016,2017,outflow,Hall County total migration-1617,"Hall County Total Migration-US and Foreign, GA"
108021,Hall County,GA,Gwinnett County,GA,2080,62836,62836000,1617,2016,2017,outflow,Hall County-Gwinnett County-GA-1617,"Gwinnett County, GA"
108022,Hall County,GA,Jackson County,GA,1285,32081,32081000,1617,2016,2017,outflow,Hall County-Jackson County-GA-1617,"Jackson County, GA"
108023,Hall County,GA,Forsyth County,GA,628,21712,21712000,1617,2016,2017,outflow,Hall County-Forsyth County-GA-1617,"Forsyth County, GA"
108024,Hall County,GA,Barrow County,GA,579,12805,12805000,1617,2016,2017,outflow,Hall County-Barrow County-GA-1617,"Barrow County, GA"
108025,Hall County,GA,White County,GA,483,9968,9968000,1617,2016,2017,outflow,Hall County-White County-GA-1617,"White County, GA"
108026,Hall County,GA,Fulton County,GA,311,15830,15830000,1617,2016,2017,outflow,Hall County-Fulton County-GA-1617,"Fulton County, GA"
108027,Hall County,GA,Habersham County,GA,451,9281,9281000,1617,2016,2017,outflow,Hall County-Habersham County-GA-1617,"Habersham County, GA"
108028,Hall County,GA,Lumpkin County,GA,347,6603,6603000,1617,2016,2017,outflow,Hall County-Lumpkin County-GA-1617,"Lumpkin County, GA"
108029,Hall County,GA,DeKalb County,GA,248,7062,7062000,1617,2016,2017,outflow,Hall County-DeKalb County-GA-1617,"DeKalb County, GA"
108030,Hall County,GA,Banks County,GA,255,5726,5726000,1617,2016,2017,outflow,Hall County-Banks County-GA-1617,"Banks County, GA"
108031,Hall County,GA,Clarke County,GA,199,3754,3754000,1617,2016,2017,outflow,Hall County-Clarke County-GA-1617,"Clarke County, GA"
108032,Hall County,GA,Cobb County,GA,175,5553,5553000,1617,2016,2017,outflow,Hall County-Cobb County-GA-1617,"Cobb County, GA"
108033,Hall County,GA,Dawson County,GA,212,4544,4544000,1617,2016,2017,outflow,Hall County-Dawson County-GA-1617,"Dawson County, GA"
108034,Hall County,GA,Walton County,GA,115,3328,3328000,1617,2016,2017,outflow,Hall County-Walton County-GA-1617,"Walton County, GA"
108035,Hall County,GA,Cherokee County,GA,102,3340,3340000,1617,2016,2017,outflow,Hall County-Cherokee County-GA-1617,"Cherokee County, GA"
108036,Hall County,GA,Stephens County,GA,94,1794,1794000,1617,2016,2017,outflow,Hall County-Stephens County-GA-1617,"Stephens County, GA"
108037,Hall County,GA,Franklin County,GA,73,874,874000,1617,2016,2017,outflow,Hall County-Franklin County-GA-1617,"Franklin County, GA"
108038,Hall County,GA,Pinellas County,FL,44,835,835000,1617,2016,2017,outflow,Hall County-Pinellas County-FL-1617,"Pinellas County, FL"
108039,Hall County,GA,Maricopa County,AZ,44,1961,1961000,1617,2016,2017,outflow,Hall County-Maricopa County-AZ-1617,"Maricopa County, AZ"
108040,Hall County,GA,Hart County,GA,46,1776,1776000,1617,2016,2017,outflow,Hall County-Hart County-GA-1617,"Hart County, GA"
108041,Hall County,GA,Greenville County,SC,59,1711,1711000,1617,2016,2017,outflow,Hall County-Greenville County-SC-1617,"Greenville County, SC"
108042,Hall County,GA,Chatham County,GA,45,1162,1162000,1617,2016,2017,outflow,Hall County-Chatham County-GA-1617,"Chatham County, GA"
108043,Hall County,GA,Oconee County,GA,48,1842,1842000,1617,2016,2017,outflow,Hall County-Oconee County-GA-1617,"Oconee County, GA"
108044,Hall County,GA,Coweta County,GA,45,1072,1072000,1617,2016,2017,outflow,Hall County-Coweta County-GA-1617,"Coweta County, GA"
108045,Hall County,GA,Duval County,FL,38,686,686000,1617,2016,2017,outflow,Hall County-Duval County-FL-1617,"Duval County, FL"
108046,Hall County,GA,Volusia County,FL,39,1738,1738000,1617,2016,2017,outflow,Hall County-Volusia County-FL-1617,"Volusia County, FL"
108047,Hall County,GA,Gilmer County,GA,41,968,968000,1617,2016,2017,outflow,Hall County-Gilmer County-GA-1617,"Gilmer County, GA"
108048,Hall County,GA,Henry County,GA,31,1550,1550000,1617,2016,2017,outflow,Hall County-Henry County-GA-1617,"Henry County, GA"
108049,Hall County,GA,Rabun County,GA,34,1461,1461000,1617,2016,2017,outflow,Hall County-Rabun County-GA-1617,"Rabun County, GA"
108050,Hall County,GA,Harris County,TX,45,788,788000,1617,2016,2017,outflow,Hall County-Harris County-TX-1617,"Harris County, TX"
108282,Jackson County,GA,Jackson County Total Migration-US and Foreign,GA,5317,127368,127368000,1617,2016,2017,outflow,Jackson County total migration-1617,"Jackson County Total Migration-US and Foreign, GA"
108288,Jackson County,GA,Hall County,GA,687,14870,14870000,1617,2016,2017,outflow,Jackson County-Hall County-GA-1617,"Hall County, GA"
108289,Jackson County,GA,Gwinnett County,GA,577,13685,13685000,1617,2016,2017,outflow,Jackson County-Gwinnett County-GA-1617,"Gwinnett County, GA"
108290,Jackson County,GA,Clarke County,GA,452,9332,9332000,1617,2016,2017,outflow,Jackson County-Clarke County-GA-1617,"Clarke County, GA"
108291,Jackson County,GA,Barrow County,GA,493,10290,10290000,1617,2016,2017,outflow,Jackson County-Barrow County-GA-1617,"Barrow County, GA"
108292,Jackson County,GA,Banks County,GA,373,7431,7431000,1617,2016,2017,outflow,Jackson County-Banks County-GA-1617,"Banks County, GA"
108293,Jackson County,GA,Madison County,GA,300,5237,5237000,1617,2016,2017,outflow,Jackson County-Madison County-GA-1617,"Madison County, GA"
108294,Jackson County,GA,Franklin County,GA,162,2971,2971000,1617,2016,2017,outflow,Jackson County-Franklin County-GA-1617,"Franklin County, GA"
108295,Jackson County,GA,Oconee County,GA,137,3700,3700000,1617,2016,2017,outflow,Jackson County-Oconee County-GA-1617,"Oconee County, GA"
108296,Jackson County,GA,Fulton County,GA,74,2261,2261000,1617,2016,2017,outflow,Jackson County-Fulton County-GA-1617,"Fulton County, GA"
108297,Jackson County,GA,Walton County,GA,73,1616,1616000,1617,2016,2017,outflow,Jackson County-Walton County-GA-1617,"Walton County, GA"
108298,Jackson County,GA,Hart County,GA,61,2494,2494000,1617,2016,2017,outflow,Jackson County-Hart County-GA-1617,"Hart County, GA"
108299,Jackson County,GA,DeKalb County,GA,50,1802,1802000,1617,2016,2017,outflow,Jackson County-DeKalb County-GA-1617,"DeKalb County, GA"
108300,Jackson County,GA,Habersham County,GA,60,1013,1013000,1617,2016,2017,outflow,Jackson County-Habersham County-GA-1617,"Habersham County, GA"
108301,Jackson County,GA,Forsyth County,GA,57,1767,1767000,1617,2016,2017,outflow,Jackson County-Forsyth County-GA-1617,"Forsyth County, GA"
108302,Jackson County,GA,Oglethorpe County,GA,44,645,645000,1617,2016,2017,outflow,Jackson County-Oglethorpe County-GA-1617,"Oglethorpe County, GA"
108303,Jackson County,GA,White County,GA,60,1107,1107000,1617,2016,2017,outflow,Jackson County-White County-GA-1617,"White County, GA"
108625,Lumpkin County,GA,Lumpkin County Total Migration-US and Foreign,GA,2167,53371,53371000,1617,2016,2017,outflow,Lumpkin County total migration-1617,"Lumpkin County Total Migration-US and Foreign, GA"
108631,Lumpkin County,GA,Hall County,GA,314,7454,7454000,1617,2016,2017,outflow,Lumpkin County-Hall County-GA-1617,"Hall County, GA"
108632,Lumpkin County,GA,Forsyth County,GA,229,5980,5980000,1617,2016,2017,outflow,Lumpkin County-Forsyth County-GA-1617,"Forsyth County, GA"
108633,Lumpkin County,GA,Dawson County,GA,248,6219,6219000,1617,2016,2017,outflow,Lumpkin County-Dawson County-GA-1617,"Dawson County, GA"
108634,Lumpkin County,GA,White County,GA,183,3680,3680000,1617,2016,2017,outflow,Lumpkin County-White County-GA-1617,"White County, GA"
108635,Lumpkin County,GA,Fulton County,GA,55,1501,1501000,1617,2016,2017,outflow,Lumpkin County-Fulton County-GA-1617,"Fulton County, GA"
108636,Lumpkin County,GA,Gwinnett County,GA,41,1089,1089000,1617,2016,2017,outflow,Lumpkin County-Gwinnett County-GA-1617,"Gwinnett County, GA"
109803,White County,GA,White County Total Migration-US and Foreign,GA,1719,33344,33344000,1617,2016,2017,outflow,White County total migration-1617,"White County Total Migration-US and Foreign, GA"
109809,White County,GA,Hall County,GA,370,7078,7078000,1617,2016,2017,outflow,White County-Hall County-GA-1617,"Hall County, GA"
109810,White County,GA,Habersham County,GA,308,5212,5212000,1617,2016,2017,outflow,White County-Habersham County-GA-1617,"Habersham County, GA"
109811,White County,GA,Lumpkin County,GA,120,2016,2016000,1617,2016,2017,outflow,White County-Lumpkin County-GA-1617,"Lumpkin County, GA"
109812,White County,GA,Gwinnett County,GA,47,1413,1413000,1617,2016,2017,outflow,White County-Gwinnett County-GA-1617,"Gwinnett County, GA"
109813,White County,GA,Banks County,GA,41,606,606000,1617,2016,2017,outflow,White County-Banks County-GA-1617,"Banks County, GA"
109814,White County,GA,Forsyth County,GA,34,909,909000,1617,2016,2017,outflow,White County-Forsyth County-GA-1617,"Forsyth County, GA"
202143,Banks County,GA,Banks County Total Migration-US and Foreign,GA,1231,21995,21995000,1718,2017,2018,outflow,Banks County total migration-1718,"Banks County Total Migration-US and Foreign, GA"
202149,Banks County,GA,Jackson County,GA,306,5312,5312000,1718,2017,2018,outflow,Banks County-Jackson County-GA-1718,"Jackson County, GA"
202150,Banks County,GA,Habersham County,GA,260,3970,3970000,1718,2017,2018,outflow,Banks County-Habersham County-GA-1718,"Habersham County, GA"
202151,Banks County,GA,Hall County,GA,162,3595,3595000,1718,2017,2018,outflow,Banks County-Hall County-GA-1718,"Hall County, GA"
202152,Banks County,GA,Franklin County,GA,63,623,623000,1718,2017,2018,outflow,Banks County-Franklin County-GA-1718,"Franklin County, GA"
202153,Banks County,GA,Madison County,GA,51,626,626000,1718,2017,2018,outflow,Banks County-Madison County-GA-1718,"Madison County, GA"
203218,Dawson County,GA,Dawson County Total Migration-US and Foreign,GA,1699,44937,44937000,1718,2017,2018,outflow,Dawson County total migration-1718,"Dawson County Total Migration-US and Foreign, GA"
203224,Dawson County,GA,Forsyth County,GA,512,12518,12518000,1718,2017,2018,outflow,Dawson County-Forsyth County-GA-1718,"Forsyth County, GA"
203225,Dawson County,GA,Lumpkin County,GA,260,4210,4210000,1718,2017,2018,outflow,Dawson County-Lumpkin County-GA-1718,"Lumpkin County, GA"
203226,Dawson County,GA,Hall County,GA,171,4782,4782000,1718,2017,2018,outflow,Dawson County-Hall County-GA-1718,"Hall County, GA"
203227,Dawson County,GA,Cherokee County,GA,50,1411,1411000,1718,2017,2018,outflow,Dawson County-Cherokee County-GA-1718,"Cherokee County, GA"
203228,Dawson County,GA,Fulton County,GA,38,2503,2503000,1718,2017,2018,outflow,Dawson County-Fulton County-GA-1718,"Fulton County, GA"
203229,Dawson County,GA,Pickens County,GA,42,1394,1394000,1718,2017,2018,outflow,Dawson County-Pickens County-GA-1718,"Pickens County, GA"
204307,Habersham County,GA,Habersham County Total Migration-US and Foreign,GA,1916,45860,45860000,1718,2017,2018,outflow,Habersham County total migration-1718,"Habersham County Total Migration-US and Foreign, GA"
204312,Habersham County,GA,Hall County,GA,255,5129,5129000,1718,2017,2018,outflow,Habersham County-Hall County-GA-1718,"Hall County, GA"
204313,Habersham County,GA,White County,GA,245,5191,5191000,1718,2017,2018,outflow,Habersham County-White County-GA-1718,"White County, GA"
204314,Habersham County,GA,Stephens County,GA,210,7363,7363000,1718,2017,2018,outflow,Habersham County-Stephens County-GA-1718,"Stephens County, GA"
204315,Habersham County,GA,Banks County,GA,176,2960,2960000,1718,2017,2018,outflow,Habersham County-Banks County-GA-1718,"Banks County, GA"
204316,Habersham County,GA,Gwinnett County,GA,68,1841,1841000,1718,2017,2018,outflow,Habersham County-Gwinnett County-GA-1718,"Gwinnett County, GA"
204317,Habersham County,GA,Rabun County,GA,49,928,928000,1718,2017,2018,outflow,Habersham County-Rabun County-GA-1718,"Rabun County, GA"
204318,Habersham County,GA,Jackson County,GA,46,1303,1303000,1718,2017,2018,outflow,Habersham County-Jackson County-GA-1718,"Jackson County, GA"
204325,Hall County,GA,Hall County Total Migration-US and Foreign,GA,10009,276527,276527000,1718,2017,2018,outflow,Hall County total migration-1718,"Hall County Total Migration-US and Foreign, GA"
204331,Hall County,GA,Gwinnett County,GA,1781,50233,50233000,1718,2017,2018,outflow,Hall County-Gwinnett County-GA-1718,"Gwinnett County, GA"
204332,Hall County,GA,Jackson County,GA,1002,23090,23090000,1718,2017,2018,outflow,Hall County-Jackson County-GA-1718,"Jackson County, GA"
204333,Hall County,GA,Forsyth County,GA,620,16504,16504000,1718,2017,2018,outflow,Hall County-Forsyth County-GA-1718,"Forsyth County, GA"
204334,Hall County,GA,Barrow County,GA,441,9241,9241000,1718,2017,2018,outflow,Hall County-Barrow County-GA-1718,"Barrow County, GA"
204335,Hall County,GA,Fulton County,GA,300,12085,12085000,1718,2017,2018,outflow,Hall County-Fulton County-GA-1718,"Fulton County, GA"
204336,Hall County,GA,White County,GA,384,8694,8694000,1718,2017,2018,outflow,Hall County-White County-GA-1718,"White County, GA"
204337,Hall County,GA,Lumpkin County,GA,285,7417,7417000,1718,2017,2018,outflow,Hall County-Lumpkin County-GA-1718,"Lumpkin County, GA"
204338,Hall County,GA,Habersham County,GA,300,6276,6276000,1718,2017,2018,outflow,Hall County-Habersham County-GA-1718,"Habersham County, GA"
204339,Hall County,GA,DeKalb County,GA,234,6462,6462000,1718,2017,2018,outflow,Hall County-DeKalb County-GA-1718,"DeKalb County, GA"
204340,Hall County,GA,Banks County,GA,296,5584,5584000,1718,2017,2018,outflow,Hall County-Banks County-GA-1718,"Banks County, GA"
204341,Hall County,GA,Cobb County,GA,192,5212,5212000,1718,2017,2018,outflow,Hall County-Cobb County-GA-1718,"Cobb County, GA"
204342,Hall County,GA,Dawson County,GA,160,5773,5773000,1718,2017,2018,outflow,Hall County-Dawson County-GA-1718,"Dawson County, GA"
204343,Hall County,GA,Clarke County,GA,130,3648,3648000,1718,2017,2018,outflow,Hall County-Clarke County-GA-1718,"Clarke County, GA"
204344,Hall County,GA,Cherokee County,GA,97,4183,4183000,1718,2017,2018,outflow,Hall County-Cherokee County-GA-1718,"Cherokee County, GA"
204345,Hall County,GA,Walton County,GA,80,1973,1973000,1718,2017,2018,outflow,Hall County-Walton County-GA-1718,"Walton County, GA"
204346,Hall County,GA,Stephens County,GA,50,669,669000,1718,2017,2018,outflow,Hall County-Stephens County-GA-1718,"Stephens County, GA"
204347,Hall County,GA,Duval County,FL,42,1401,1401000,1718,2017,2018,outflow,Hall County-Duval County-FL-1718,"Duval County, FL"
204348,Hall County,GA,Franklin County,GA,50,1144,1144000,1718,2017,2018,outflow,Hall County-Franklin County-GA-1718,"Franklin County, GA"
204349,Hall County,GA,Rabun County,GA,47,851,851000,1718,2017,2018,outflow,Hall County-Rabun County-GA-1718,"Rabun County, GA"
204554,Jackson County,GA,Jackson County Total Migration-US and Foreign,GA,4644,112575,112575000,1718,2017,2018,outflow,Jackson County total migration-1718,"Jackson County Total Migration-US and Foreign, GA"
204560,Jackson County,GA,Hall County,GA,644,16087,16087000,1718,2017,2018,outflow,Jackson County-Hall County-GA-1718,"Hall County, GA"
204561,Jackson County,GA,Barrow County,GA,516,12067,12067000,1718,2017,2018,outflow,Jackson County-Barrow County-GA-1718,"Barrow County, GA"
204562,Jackson County,GA,Gwinnett County,GA,530,14836,14836000,1718,2017,2018,outflow,Jackson County-Gwinnett County-GA-1718,"Gwinnett County, GA"
204563,Jackson County,GA,Banks County,GA,417,6722,6722000,1718,2017,2018,outflow,Jackson County-Banks County-GA-1718,"Banks County, GA"
204564,Jackson County,GA,Clarke County,GA,341,6316,6316000,1718,2017,2018,outflow,Jackson County-Clarke County-GA-1718,"Clarke County, GA"
204565,Jackson County,GA,Madison County,GA,174,3005,3005000,1718,2017,2018,outflow,Jackson County-Madison County-GA-1718,"Madison County, GA"
204566,Jackson County,GA,Franklin County,GA,169,2487,2487000,1718,2017,2018,outflow,Jackson County-Franklin County-GA-1718,"Franklin County, GA"
204567,Jackson County,GA,Fulton County,GA,77,2371,2371000,1718,2017,2018,outflow,Jackson County-Fulton County-GA-1718,"Fulton County, GA"
204568,Jackson County,GA,Walton County,GA,80,1470,1470000,1718,2017,2018,outflow,Jackson County-Walton County-GA-1718,"Walton County, GA"
204569,Jackson County,GA,Forsyth County,GA,72,1823,1823000,1718,2017,2018,outflow,Jackson County-Forsyth County-GA-1718,"Forsyth County, GA"
204570,Jackson County,GA,Oconee County,GA,71,1515,1515000,1718,2017,2018,outflow,Jackson County-Oconee County-GA-1718,"Oconee County, GA"
204571,Jackson County,GA,Hart County,GA,52,1397,1397000,1718,2017,2018,outflow,Jackson County-Hart County-GA-1718,"Hart County, GA"
204572,Jackson County,GA,Stephens County,GA,52,1171,1171000,1718,2017,2018,outflow,Jackson County-Stephens County-GA-1718,"Stephens County, GA"
204573,Jackson County,GA,DeKalb County,GA,31,1146,1146000,1718,2017,2018,outflow,Jackson County-DeKalb County-GA-1718,"DeKalb County, GA"
204574,Jackson County,GA,Cherokee County,GA,35,1215,1215000,1718,2017,2018,outflow,Jackson County-Cherokee County-GA-1718,"Cherokee County, GA"
204575,Jackson County,GA,Habersham County,GA,42,1101,1101000,1718,2017,2018,outflow,Jackson County-Habersham County-GA-1718,"Habersham County, GA"
204876,Lumpkin County,GA,Lumpkin County Total Migration-US and Foreign,GA,1815,44058,44058000,1718,2017,2018,outflow,Lumpkin County total migration-1718,"Lumpkin County Total Migration-US and Foreign, GA"
204882,Lumpkin County,GA,Hall County,GA,316,8008,8008000,1718,2017,2018,outflow,Lumpkin County-Hall County-GA-1718,"Hall County, GA"
204883,Lumpkin County,GA,Forsyth County,GA,207,4537,4537000,1718,2017,2018,outflow,Lumpkin County-Forsyth County-GA-1718,"Forsyth County, GA"
204884,Lumpkin County,GA,Dawson County,GA,179,6164,6164000,1718,2017,2018,outflow,Lumpkin County-Dawson County-GA-1718,"Dawson County, GA"
204885,Lumpkin County,GA,White County,GA,132,2666,2666000,1718,2017,2018,outflow,Lumpkin County-White County-GA-1718,"White County, GA"
204886,Lumpkin County,GA,Fulton County,GA,46,1469,1469000,1718,2017,2018,outflow,Lumpkin County-Fulton County-GA-1718,"Fulton County, GA"
204887,Lumpkin County,GA,Gwinnett County,GA,35,1033,1033000,1718,2017,2018,outflow,Lumpkin County-Gwinnett County-GA-1718,"Gwinnett County, GA"
204888,Lumpkin County,GA,Cherokee County,GA,35,824,824000,1718,2017,2018,outflow,Lumpkin County-Cherokee County-GA-1718,"Cherokee County, GA"
205987,White County,GA,White County Total Migration-US and Foreign,GA,1468,29515,29515000,1718,2017,2018,outflow,White County total migration-1718,"White County Total Migration-US and Foreign, GA"
205993,White County,GA,Hall County,GA,320,6727,6727000,1718,2017,2018,outflow,White County-Hall County-GA-1718,"Hall County, GA"
205994,White County,GA,Habersham County,GA,249,4471,4471000,1718,2017,2018,outflow,White County-Habersham County-GA-1718,"Habersham County, GA"
205995,White County,GA,Lumpkin County,GA,103,2047,2047000,1718,2017,2018,outflow,White County-Lumpkin County-GA-1718,"Lumpkin County, GA"
205996,White County,GA,Forsyth County,GA,47,1556,1556000,1718,2017,2018,outflow,White County-Forsyth County-GA-1718,"Forsyth County, GA"
205997,White County,GA,Gwinnett County,GA,32,651,651000,1718,2017,2018,outflow,White County-Gwinnett County-GA-1718,"Gwinnett County, GA"
205998,White County,GA,Stephens County,GA,57,585,585000,1718,2017,2018,outflow,White County-Stephens County-GA-1718,"Stephens County, GA"
289527,Banks County,GA,Banks County Total Migration-US and Foreign,GA,1128,19783,19783000,1819,2018,2019,outflow,Banks County total migration-1819,"Banks County Total Migration-US and Foreign, GA"
289532,Banks County,GA,Habersham County,GA,223,3620,3620000,1819,2018,2019,outflow,Banks County-Habersham County-GA-1819,"Habersham County, GA"
289533,Banks County,GA,Jackson County,GA,235,4137,4137000,1819,2018,2019,outflow,Banks County-Jackson County-GA-1819,"Jackson County, GA"
289534,Banks County,GA,Hall County,GA,157,3374,3374000,1819,2018,2019,outflow,Banks County-Hall County-GA-1819,"Hall County, GA"
289535,Banks County,GA,Madison County,GA,42,1037,1037000,1819,2018,2019,outflow,Banks County-Madison County-GA-1819,"Madison County, GA"
289536,Banks County,GA,Franklin County,GA,57,1028,1028000,1819,2018,2019,outflow,Banks County-Franklin County-GA-1819,"Franklin County, GA"
289537,Banks County,GA,Stephens County,GA,52,626,626000,1819,2018,2019,outflow,Banks County-Stephens County-GA-1819,"Stephens County, GA"
290555,Dawson County,GA,Dawson County Total Migration-US and Foreign,GA,1635,47499,47499000,1819,2018,2019,outflow,Dawson County total migration-1819,"Dawson County Total Migration-US and Foreign, GA"
290560,Dawson County,GA,Forsyth County,GA,491,14495,14495000,1819,2018,2019,outflow,Dawson County-Forsyth County-GA-1819,"Forsyth County, GA"
290561,Dawson County,GA,Lumpkin County,GA,301,7033,7033000,1819,2018,2019,outflow,Dawson County-Lumpkin County-GA-1819,"Lumpkin County, GA"
290562,Dawson County,GA,Hall County,GA,147,3885,3885000,1819,2018,2019,outflow,Dawson County-Hall County-GA-1819,"Hall County, GA"
290563,Dawson County,GA,Fulton County,GA,66,2787,2787000,1819,2018,2019,outflow,Dawson County-Fulton County-GA-1819,"Fulton County, GA"
290564,Dawson County,GA,Gwinnett County,GA,47,1381,1381000,1819,2018,2019,outflow,Dawson County-Gwinnett County-GA-1819,"Gwinnett County, GA"
290565,Dawson County,GA,Pickens County,GA,39,1236,1236000,1819,2018,2019,outflow,Dawson County-Pickens County-GA-1819,"Pickens County, GA"
291592,Habersham County,GA,Habersham County Total Migration-US and Foreign,GA,1977,43989,43989000,1819,2018,2019,outflow,Habersham County total migration-1819,"Habersham County Total Migration-US and Foreign, GA"
291597,Habersham County,GA,Hall County,GA,264,5919,5919000,1819,2018,2019,outflow,Habersham County-Hall County-GA-1819,"Hall County, GA"
291598,Habersham County,GA,White County,GA,251,4963,4963000,1819,2018,2019,outflow,Habersham County-White County-GA-1819,"White County, GA"
291599,Habersham County,GA,Banks County,GA,242,3340,3340000,1819,2018,2019,outflow,Habersham County-Banks County-GA-1819,"Banks County, GA"
291600,Habersham County,GA,Stephens County,GA,161,3344,3344000,1819,2018,2019,outflow,Habersham County-Stephens County-GA-1819,"Stephens County, GA"
291601,Habersham County,GA,Gwinnett County,GA,62,1915,1915000,1819,2018,2019,outflow,Habersham County-Gwinnett County-GA-1819,"Gwinnett County, GA"
291602,Habersham County,GA,Rabun County,GA,68,1192,1192000,1819,2018,2019,outflow,Habersham County-Rabun County-GA-1819,"Rabun County, GA"
291603,Habersham County,GA,Jackson County,GA,76,1263,1263000,1819,2018,2019,outflow,Habersham County-Jackson County-GA-1819,"Jackson County, GA"
291604,Habersham County,GA,Fulton County,GA,44,1908,1908000,1819,2018,2019,outflow,Habersham County-Fulton County-GA-1819,"Fulton County, GA"
291605,Habersham County,GA,Franklin County,GA,53,823,823000,1819,2018,2019,outflow,Habersham County-Franklin County-GA-1819,"Franklin County, GA"
291613,Hall County,GA,Hall County Total Migration-US and Foreign,GA,9726,288801,288801000,1819,2018,2019,outflow,Hall County total migration-1819,"Hall County Total Migration-US and Foreign, GA"
291618,Hall County,GA,Gwinnett County,GA,1685,46474,46474000,1819,2018,2019,outflow,Hall County-Gwinnett County-GA-1819,"Gwinnett County, GA"
291619,Hall County,GA,Jackson County,GA,999,29325,29325000,1819,2018,2019,outflow,Hall County-Jackson County-GA-1819,"Jackson County, GA"
291620,Hall County,GA,Forsyth County,GA,545,19846,19846000,1819,2018,2019,outflow,Hall County-Forsyth County-GA-1819,"Forsyth County, GA"
291621,Hall County,GA,Fulton County,GA,339,19364,19364000,1819,2018,2019,outflow,Hall County-Fulton County-GA-1819,"Fulton County, GA"
291622,Hall County,GA,Barrow County,GA,431,9392,9392000,1819,2018,2019,outflow,Hall County-Barrow County-GA-1819,"Barrow County, GA"
291623,Hall County,GA,White County,GA,361,8620,8620000,1819,2018,2019,outflow,Hall County-White County-GA-1819,"White County, GA"
291624,Hall County,GA,Habersham County,GA,372,7849,7849000,1819,2018,2019,outflow,Hall County-Habersham County-GA-1819,"Habersham County, GA"
291625,Hall County,GA,Lumpkin County,GA,317,6188,6188000,1819,2018,2019,outflow,Hall County-Lumpkin County-GA-1819,"Lumpkin County, GA"
291626,Hall County,GA,Banks County,GA,319,6445,6445000,1819,2018,2019,outflow,Hall County-Banks County-GA-1819,"Banks County, GA"
291627,Hall County,GA,DeKalb County,GA,195,7363,7363000,1819,2018,2019,outflow,Hall County-DeKalb County-GA-1819,"DeKalb County, GA"
291628,Hall County,GA,Cobb County,GA,165,4897,4897000,1819,2018,2019,outflow,Hall County-Cobb County-GA-1819,"Cobb County, GA"
291629,Hall County,GA,Clarke County,GA,142,2855,2855000,1819,2018,2019,outflow,Hall County-Clarke County-GA-1819,"Clarke County, GA"
291630,Hall County,GA,Dawson County,GA,140,3581,3581000,1819,2018,2019,outflow,Hall County-Dawson County-GA-1819,"Dawson County, GA"
291631,Hall County,GA,Cherokee County,GA,101,4155,4155000,1819,2018,2019,outflow,Hall County-Cherokee County-GA-1819,"Cherokee County, GA"
291632,Hall County,GA,Walton County,GA,72,1972,1972000,1819,2018,2019,outflow,Hall County-Walton County-GA-1819,"Walton County, GA"
291633,Hall County,GA,Stephens County,GA,59,2283,2283000,1819,2018,2019,outflow,Hall County-Stephens County-GA-1819,"Stephens County, GA"
291634,Hall County,GA,Franklin County,GA,51,1457,1457000,1819,2018,2019,outflow,Hall County-Franklin County-GA-1819,"Franklin County, GA"
291635,Hall County,GA,Clayton County,GA,40,538,538000,1819,2018,2019,outflow,Hall County-Clayton County-GA-1819,"Clayton County, GA"
291837,Jackson County,GA,Jackson County Total Migration-US and Foreign,GA,4366,137026,137026000,1819,2018,2019,outflow,Jackson County total migration-1819,"Jackson County Total Migration-US and Foreign, GA"
291842,Jackson County,GA,Hall County,GA,649,16378,16378000,1819,2018,2019,outflow,Jackson County-Hall County-GA-1819,"Hall County, GA"
291843,Jackson County,GA,Gwinnett County,GA,465,21230,21230000,1819,2018,2019,outflow,Jackson County-Gwinnett County-GA-1819,"Gwinnett County, GA"
291844,Jackson County,GA,Clarke County,GA,387,9267,9267000,1819,2018,2019,outflow,Jackson County-Clarke County-GA-1819,"Clarke County, GA"
291845,Jackson County,GA,Barrow County,GA,421,13799,13799000,1819,2018,2019,outflow,Jackson County-Barrow County-GA-1819,"Barrow County, GA"
291846,Jackson County,GA,Banks County,GA,328,5650,5650000,1819,2018,2019,outflow,Jackson County-Banks County-GA-1819,"Banks County, GA"
291847,Jackson County,GA,Madison County,GA,155,2404,2404000,1819,2018,2019,outflow,Jackson County-Madison County-GA-1819,"Madison County, GA"
291848,Jackson County,GA,Franklin County,GA,104,2264,2264000,1819,2018,2019,outflow,Jackson County-Franklin County-GA-1819,"Franklin County, GA"
291849,Jackson County,GA,Oconee County,GA,93,2267,2267000,1819,2018,2019,outflow,Jackson County-Oconee County-GA-1819,"Oconee County, GA"
291850,Jackson County,GA,Fulton County,GA,69,2920,2920000,1819,2018,2019,outflow,Jackson County-Fulton County-GA-1819,"Fulton County, GA"
291851,Jackson County,GA,DeKalb County,GA,57,1495,1495000,1819,2018,2019,outflow,Jackson County-DeKalb County-GA-1819,"DeKalb County, GA"
291852,Jackson County,GA,Walton County,GA,62,2835,2835000,1819,2018,2019,outflow,Jackson County-Walton County-GA-1819,"Walton County, GA"
291853,Jackson County,GA,Forsyth County,GA,61,2090,2090000,1819,2018,2019,outflow,Jackson County-Forsyth County-GA-1819,"Forsyth County, GA"
291854,Jackson County,GA,White County,GA,52,1163,1163000,1819,2018,2019,outflow,Jackson County-White County-GA-1819,"White County, GA"
291855,Jackson County,GA,Stephens County,GA,48,791,791000,1819,2018,2019,outflow,Jackson County-Stephens County-GA-1819,"Stephens County, GA"
291856,Jackson County,GA,Habersham County,GA,41,881,881000,1819,2018,2019,outflow,Jackson County-Habersham County-GA-1819,"Habersham County, GA"
292132,Lumpkin County,GA,Lumpkin County Total Migration-US and Foreign,GA,1828,45138,45138000,1819,2018,2019,outflow,Lumpkin County total migration-1819,"Lumpkin County Total Migration-US and Foreign, GA"
292137,Lumpkin County,GA,Hall County,GA,287,6687,6687000,1819,2018,2019,outflow,Lumpkin County-Hall County-GA-1819,"Hall County, GA"
292138,Lumpkin County,GA,Dawson County,GA,269,7166,7166000,1819,2018,2019,outflow,Lumpkin County-Dawson County-GA-1819,"Dawson County, GA"
292139,Lumpkin County,GA,Forsyth County,GA,180,4600,4600000,1819,2018,2019,outflow,Lumpkin County-Forsyth County-GA-1819,"Forsyth County, GA"
292140,Lumpkin County,GA,White County,GA,166,2768,2768000,1819,2018,2019,outflow,Lumpkin County-White County-GA-1819,"White County, GA"
292141,Lumpkin County,GA,Gwinnett County,GA,67,1529,1529000,1819,2018,2019,outflow,Lumpkin County-Gwinnett County-GA-1819,"Gwinnett County, GA"
292142,Lumpkin County,GA,Fulton County,GA,50,1812,1812000,1819,2018,2019,outflow,Lumpkin County-Fulton County-GA-1819,"Fulton County, GA"
292143,Lumpkin County,GA,Cherokee County,GA,36,905,905000,1819,2018,2019,outflow,Lumpkin County-Cherokee County-GA-1819,"Cherokee County, GA"
293188,White County,GA,White County Total Migration-US and Foreign,GA,1415,32827,32827000,1819,2018,2019,outflow,White County total migration-1819,"White County Total Migration-US and Foreign, GA"
293193,White County,GA,Hall County,GA,316,5953,5953000,1819,2018,2019,outflow,White County-Hall County-GA-1819,"Hall County, GA"
293194,White County,GA,Habersham County,GA,199,3492,3492000,1819,2018,2019,outflow,White County-Habersham County-GA-1819,"Habersham County, GA"
293195,White County,GA,Lumpkin County,GA,123,2898,2898000,1819,2018,2019,outflow,White County-Lumpkin County-GA-1819,"Lumpkin County, GA"
293196,White County,GA,Forsyth County,GA,38,1040,1040000,1819,2018,2019,outflow,White County-Forsyth County-GA-1819,"Forsyth County, GA"
293197,White County,GA,Gwinnett County,GA,38,1086,1086000,1819,2018,2019,outflow,White County-Gwinnett County-GA-1819,"Gwinnett County, GA"
293198,White County,GA,Jackson County,GA,39,1101,1101000,1819,2018,2019,outflow,White County-Jackson County-GA-1819,"Jackson County, GA"
374260,Banks County,GA,Banks County Total Migration-US and Foreign,GA,1327,24338,24338000,1920,2019,2020,outflow,Banks County total migration-1920,"Banks County Total Migration-US and Foreign, GA"
374265,Banks County,GA,Jackson County,GA,318,4527,4527000,1920,2019,2020,outflow,Banks County-Jackson County-GA-1920,"Jackson County, GA"
374266,Banks County,GA,Habersham County,GA,268,4032,4032000,1920,2019,2020,outflow,Banks County-Habersham County-GA-1920,"Habersham County, GA"
374267,Banks County,GA,Hall County,GA,194,4626,4626000,1920,2019,2020,outflow,Banks County-Hall County-GA-1920,"Hall County, GA"
374268,Banks County,GA,Franklin County,GA,79,1330,1330000,1920,2019,2020,outflow,Banks County-Franklin County-GA-1920,"Franklin County, GA"
374269,Banks County,GA,Madison County,GA,55,1384,1384000,1920,2019,2020,outflow,Banks County-Madison County-GA-1920,"Madison County, GA"
375337,Dawson County,GA,Dawson County Total Migration-US and Foreign,GA,1883,58213,58213000,1920,2019,2020,outflow,Dawson County total migration-1920,"Dawson County Total Migration-US and Foreign, GA"
375342,Dawson County,GA,Forsyth County,GA,470,14269,14269000,1920,2019,2020,outflow,Dawson County-Forsyth County-GA-1920,"Forsyth County, GA"
375343,Dawson County,GA,Lumpkin County,GA,314,7858,7858000,1920,2019,2020,outflow,Dawson County-Lumpkin County-GA-1920,"Lumpkin County, GA"
375344,Dawson County,GA,Hall County,GA,170,4838,4838000,1920,2019,2020,outflow,Dawson County-Hall County-GA-1920,"Hall County, GA"
375345,Dawson County,GA,Gwinnett County,GA,80,2613,2613000,1920,2019,2020,outflow,Dawson County-Gwinnett County-GA-1920,"Gwinnett County, GA"
375346,Dawson County,GA,Fulton County,GA,63,2638,2638000,1920,2019,2020,outflow,Dawson County-Fulton County-GA-1920,"Fulton County, GA"
375347,Dawson County,GA,Cherokee County,GA,58,2015,2015000,1920,2019,2020,outflow,Dawson County-Cherokee County-GA-1920,"Cherokee County, GA"
375348,Dawson County,GA,Pickens County,GA,58,1437,1437000,1920,2019,2020,outflow,Dawson County-Pickens County-GA-1920,"Pickens County, GA"
376449,Habersham County,GA,Habersham County Total Migration-US and Foreign,GA,1967,51030,51030000,1920,2019,2020,outflow,Habersham County total migration-1920,"Habersham County Total Migration-US and Foreign, GA"
376454,Habersham County,GA,Hall County,GA,256,5843,5843000,1920,2019,2020,outflow,Habersham County-Hall County-GA-1920,"Hall County, GA"
376455,Habersham County,GA,White County,GA,271,5057,5057000,1920,2019,2020,outflow,Habersham County-White County-GA-1920,"White County, GA"
376456,Habersham County,GA,Banks County,GA,224,3986,3986000,1920,2019,2020,outflow,Habersham County-Banks County-GA-1920,"Banks County, GA"
376457,Habersham County,GA,Stephens County,GA,155,3408,3408000,1920,2019,2020,outflow,Habersham County-Stephens County-GA-1920,"Stephens County, GA"
376458,Habersham County,GA,Gwinnett County,GA,58,1886,1886000,1920,2019,2020,outflow,Habersham County-Gwinnett County-GA-1920,"Gwinnett County, GA"
376459,Habersham County,GA,Rabun County,GA,71,1516,1516000,1920,2019,2020,outflow,Habersham County-Rabun County-GA-1920,"Rabun County, GA"
376460,Habersham County,GA,Franklin County,GA,60,1139,1139000,1920,2019,2020,outflow,Habersham County-Franklin County-GA-1920,"Franklin County, GA"
376461,Habersham County,GA,Jackson County,GA,49,908,908000,1920,2019,2020,outflow,Habersham County-Jackson County-GA-1920,"Jackson County, GA"
376462,Habersham County,GA,Clarke County,GA,39,841,841000,1920,2019,2020,outflow,Habersham County-Clarke County-GA-1920,"Clarke County, GA"
376470,Hall County,GA,Hall County Total Migration-US and Foreign,GA,10772,326313,326313000,1920,2019,2020,outflow,Hall County total migration-1920,"Hall County Total Migration-US and Foreign, GA"
376476,Hall County,GA,Gwinnett County,GA,1568,46450,46450000,1920,2019,2020,outflow,Hall County-Gwinnett County-GA-1920,"Gwinnett County, GA"
376477,Hall County,GA,Jackson County,GA,1159,27834,27834000,1920,2019,2020,outflow,Hall County-Jackson County-GA-1920,"Jackson County, GA"
376478,Hall County,GA,Forsyth County,GA,612,19963,19963000,1920,2019,2020,outflow,Hall County-Forsyth County-GA-1920,"Forsyth County, GA"
376479,Hall County,GA,Barrow County,GA,473,11187,11187000,1920,2019,2020,outflow,Hall County-Barrow County-GA-1920,"Barrow County, GA"
376480,Hall County,GA,Fulton County,GA,307,18049,18049000,1920,2019,2020,outflow,Hall County-Fulton County-GA-1920,"Fulton County, GA"
376481,Hall County,GA,Habersham County,GA,422,9762,9762000,1920,2019,2020,outflow,Hall County-Habersham County-GA-1920,"Habersham County, GA"
376482,Hall County,GA,White County,GA,409,8137,8137000,1920,2019,2020,outflow,Hall County-White County-GA-1920,"White County, GA"
376483,Hall County,GA,Lumpkin County,GA,327,7682,7682000,1920,2019,2020,outflow,Hall County-Lumpkin County-GA-1920,"Lumpkin County, GA"
376484,Hall County,GA,Banks County,GA,283,6514,6514000,1920,2019,2020,outflow,Hall County-Banks County-GA-1920,"Banks County, GA"
376485,Hall County,GA,DeKalb County,GA,197,7369,7369000,1920,2019,2020,outflow,Hall County-DeKalb County-GA-1920,"DeKalb County, GA"
376486,Hall County,GA,Cobb County,GA,148,4709,4709000,1920,2019,2020,outflow,Hall County-Cobb County-GA-1920,"Cobb County, GA"
376487,Hall County,GA,Clarke County,GA,152,4707,4707000,1920,2019,2020,outflow,Hall County-Clarke County-GA-1920,"Clarke County, GA"
376488,Hall County,GA,Dawson County,GA,156,4460,4460000,1920,2019,2020,outflow,Hall County-Dawson County-GA-1920,"Dawson County, GA"
376489,Hall County,GA,Cherokee County,GA,93,3355,3355000,1920,2019,2020,outflow,Hall County-Cherokee County-GA-1920,"Cherokee County, GA"
376490,Hall County,GA,Stephens County,GA,91,2567,2567000,1920,2019,2020,outflow,Hall County-Stephens County-GA-1920,"Stephens County, GA"
376491,Hall County,GA,Walton County,GA,90,2635,2635000,1920,2019,2020,outflow,Hall County-Walton County-GA-1920,"Walton County, GA"
376492,Hall County,GA,Franklin County,GA,83,1491,1491000,1920,2019,2020,outflow,Hall County-Franklin County-GA-1920,"Franklin County, GA"
376493,Hall County,GA,Chatham County,GA,40,1251,1251000,1920,2019,2020,outflow,Hall County-Chatham County-GA-1920,"Chatham County, GA"
376494,Hall County,GA,Duval County,FL,37,1279,1279000,1920,2019,2020,outflow,Hall County-Duval County-FL-1920,"Duval County, FL"
376495,Hall County,GA,Orange County,FL,38,885,885000,1920,2019,2020,outflow,Hall County-Orange County-FL-1920,"Orange County, FL"
376496,Hall County,GA,Madison County,GA,44,941,941000,1920,2019,2020,outflow,Hall County-Madison County-GA-1920,"Madison County, GA"
376497,Hall County,GA,Charleston County,SC,39,1762,1762000,1920,2019,2020,outflow,Hall County-Charleston County-SC-1920,"Charleston County, SC"
376498,Hall County,GA,Greenville County,SC,64,1697,1697000,1920,2019,2020,outflow,Hall County-Greenville County-SC-1920,"Greenville County, SC"
376499,Hall County,GA,Volusia County,FL,34,1131,1131000,1920,2019,2020,outflow,Hall County-Volusia County-FL-1920,"Volusia County, FL"
376500,Hall County,GA,Mecklenburg County,NC,31,865,865000,1920,2019,2020,outflow,Hall County-Mecklenburg County-NC-1920,"Mecklenburg County, NC"
376713,Jackson County,GA,Jackson County Total Migration-US and Foreign,GA,5122,138771,138771000,1920,2019,2020,outflow,Jackson County total migration-1920,"Jackson County Total Migration-US and Foreign, GA"
376718,Jackson County,GA,Hall County,GA,764,22690,22690000,1920,2019,2020,outflow,Jackson County-Hall County-GA-1920,"Hall County, GA"
376719,Jackson County,GA,Gwinnett County,GA,484,14320,14320000,1920,2019,2020,outflow,Jackson County-Gwinnett County-GA-1920,"Gwinnett County, GA"
376720,Jackson County,GA,Barrow County,GA,430,10956,10956000,1920,2019,2020,outflow,Jackson County-Barrow County-GA-1920,"Barrow County, GA"
376721,Jackson County,GA,Clarke County,GA,370,7756,7756000,1920,2019,2020,outflow,Jackson County-Clarke County-GA-1920,"Clarke County, GA"
376722,Jackson County,GA,Banks County,GA,394,7943,7943000,1920,2019,2020,outflow,Jackson County-Banks County-GA-1920,"Banks County, GA"
376723,Jackson County,GA,Madison County,GA,210,4694,4694000,1920,2019,2020,outflow,Jackson County-Madison County-GA-1920,"Madison County, GA"
376724,Jackson County,GA,Franklin County,GA,162,3411,3411000,1920,2019,2020,outflow,Jackson County-Franklin County-GA-1920,"Franklin County, GA"
376725,Jackson County,GA,Fulton County,GA,75,2077,2077000,1920,2019,2020,outflow,Jackson County-Fulton County-GA-1920,"Fulton County, GA"
376726,Jackson County,GA,Forsyth County,GA,88,3408,3408000,1920,2019,2020,outflow,Jackson County-Forsyth County-GA-1920,"Forsyth County, GA"
376727,Jackson County,GA,Walton County,GA,81,1889,1889000,1920,2019,2020,outflow,Jackson County-Walton County-GA-1920,"Walton County, GA"
376728,Jackson County,GA,Oconee County,GA,104,3285,3285000,1920,2019,2020,outflow,Jackson County-Oconee County-GA-1920,"Oconee County, GA"
376729,Jackson County,GA,Habersham County,GA,93,1858,1858000,1920,2019,2020,outflow,Jackson County-Habersham County-GA-1920,"Habersham County, GA"
376730,Jackson County,GA,Cobb County,GA,51,1217,1217000,1920,2019,2020,outflow,Jackson County-Cobb County-GA-1920,"Cobb County, GA"
376731,Jackson County,GA,Oglethorpe County,GA,65,1532,1532000,1920,2019,2020,outflow,Jackson County-Oglethorpe County-GA-1920,"Oglethorpe County, GA"
376732,Jackson County,GA,DeKalb County,GA,35,1337,1337000,1920,2019,2020,outflow,Jackson County-DeKalb County-GA-1920,"DeKalb County, GA"
376733,Jackson County,GA,White County,GA,47,1230,1230000,1920,2019,2020,outflow,Jackson County-White County-GA-1920,"White County, GA"
377020,Lumpkin County,GA,Lumpkin County Total Migration-US and Foreign,GA,1941,49820,49820000,1920,2019,2020,outflow,Lumpkin County total migration-1920,"Lumpkin County Total Migration-US and Foreign, GA"
377025,Lumpkin County,GA,Hall County,GA,304,6621,6621000,1920,2019,2020,outflow,Lumpkin County-Hall County-GA-1920,"Hall County, GA"
377026,Lumpkin County,GA,Dawson County,GA,216,5102,5102000,1920,2019,2020,outflow,Lumpkin County-Dawson County-GA-1920,"Dawson County, GA"
377027,Lumpkin County,GA,Forsyth County,GA,182,4558,4558000,1920,2019,2020,outflow,Lumpkin County-Forsyth County-GA-1920,"Forsyth County, GA"
377028,Lumpkin County,GA,White County,GA,162,2957,2957000,1920,2019,2020,outflow,Lumpkin County-White County-GA-1920,"White County, GA"
377029,Lumpkin County,GA,Gwinnett County,GA,49,1378,1378000,1920,2019,2020,outflow,Lumpkin County-Gwinnett County-GA-1920,"Gwinnett County, GA"
377030,Lumpkin County,GA,Cherokee County,GA,47,2350,2350000,1920,2019,2020,outflow,Lumpkin County-Cherokee County-GA-1920,"Cherokee County, GA"
377031,Lumpkin County,GA,Fulton County,GA,40,1428,1428000,1920,2019,2020,outflow,Lumpkin County-Fulton County-GA-1920,"Fulton County, GA"
377032,Lumpkin County,GA,Habersham County,GA,48,1164,1164000,1920,2019,2020,outflow,Lumpkin County-Habersham County-GA-1920,"Habersham County, GA"
377033,Lumpkin County,GA,Cobb County,GA,27,885,885000,1920,2019,2020,outflow,Lumpkin County-Cobb County-GA-1920,"Cobb County, GA"
378103,White County,GA,White County Total Migration-US and Foreign,GA,1637,38508,38508000,1920,2019,2020,outflow,White County total migration-1920,"White County Total Migration-US and Foreign, GA"
378108,White County,GA,Hall County,GA,288,6586,6586000,1920,2019,2020,outflow,White County-Hall County-GA-1920,"Hall County, GA"
378109,White County,GA,Habersham County,GA,287,6037,6037000,1920,2019,2020,outflow,White County-Habersham County-GA-1920,"Habersham County, GA"
378110,White County,GA,Lumpkin County,GA,110,2162,2162000,1920,2019,2020,outflow,White County-Lumpkin County-GA-1920,"Lumpkin County, GA"
378111,White County,GA,Gwinnett County,GA,69,2407,2407000,1920,2019,2020,outflow,White County-Gwinnett County-GA-1920,"Gwinnett County, GA"
378112,White County,GA,Forsyth County,GA,73,1539,1539000,1920,2019,2020,outflow,White County-Forsyth County-GA-1920,"Forsyth County, GA"
